-- ==========================================
-- 真实模拟数据 - 完全适配服务器表结构
-- 生成时间: 2025-09-30 20:28:16
-- 数据库: points_app_dev
-- ==========================================

USE points_app_dev;

-- 清空现有测试数据
SET FOREIGN_KEY_CHECKS = 0;
TRUNCATE TABLE points_records;
TRUNCATE TABLE user_points;
TRUNCATE TABLE payment_orders;
TRUNCATE TABLE merchants;
TRUNCATE TABLE users;
SET FOREIGN_KEY_CHECKS = 1;

-- 插入 100 个用户
INSERT INTO users (id, wechat_id, nickname, avatar, phone, created_at) VALUES
('user_00001', 'oWHMF0mWObKi9yWWjLcmX4A8qiyu', '许娟', 'https://api.multiavatar.com/89.png', '15533827271', '2025-04-26 08:06:53'),
('user_00002', 'oOLRNthPgYxEF92uZ84tVHsNahIK', '许敏', 'https://api.multiavatar.com/53.png', '18008922675', '2025-08-28 19:46:48'),
('user_00003', 'oJmIHG3mVpjXLnBbonCp5jzhErS9', '林玉珍', 'https://api.multiavatar.com/68.png', '15045876164', '2025-07-04 18:20:06'),
('user_00004', 'ohrXyKwCqeLj9fDXcbk1QRJoAKf5', '梁磊', 'https://api.multiavatar.com/29.png', '18497432139', '2025-05-06 17:45:33'),
('user_00005', 'oP11EKurmsVyvfdLeqxBICm1nvnh', '袁丽娟', 'https://api.multiavatar.com/92.png', '13155258917', '2025-07-30 08:47:34'),
('user_00006', 'oC9UgFiZemhG1RKzcfA7QcqOAyEs', '丁玉珍', 'https://api.multiavatar.com/6.png', NULL, '2025-07-22 15:39:27'),
('user_00007', 'oOfF19BDfexneP8Ow8SXjfPfgNN6', '徐秀英', 'https://api.multiavatar.com/90.png', '18143290299', '2025-06-26 12:21:44'),
('user_00008', 'oN3Dueh1TGqBljssSXaxJxKCdDHW', '韩秀云', 'https://api.multiavatar.com/25.png', '13101691684', '2025-07-09 04:27:45'),
('user_00009', 'odVK24L8ezA7N1qUzw5cT4o60qqJ', '马芳', 'https://api.multiavatar.com/44.png', '15684986390', '2025-04-04 18:14:41'),
('user_00010', 'orgw11L6hvqHeJ5JPFGAAsPw3ICB', '李玉珍', 'https://api.multiavatar.com/85.png', '15161018712', '2025-04-14 17:22:36'),
('user_00011', 'o4VGMsvjgV3eUu0Xdzx4nYp9yrMR', '马伟', 'https://api.multiavatar.com/90.png', '15221419070', '2025-04-28 21:07:48'),
('user_00012', 'oltBfJKNlshTi8clMFS8WoF4Ytox', '马磊', 'https://api.multiavatar.com/12.png', '18990282874', '2025-06-13 03:08:33'),
('user_00013', 'ofnYZsT1NWSrBJLuch4oisrxqbGt', '肖刚', 'https://api.multiavatar.com/7.png', '15813829835', '2025-06-05 08:19:59'),
('user_00014', 'o7Q0HIgm22fSeIn7AsON6NEIvBnR', '李丽', 'https://api.multiavatar.com/52.png', '15930453280', '2025-06-02 00:50:27'),
('user_00015', 'o0rx5UIEAfJY7xX3RMhlu6hQYNWh', '唐秀英', 'https://api.multiavatar.com/52.png', '13669315364', '2025-08-10 12:44:51'),
('user_00016', 'o5kNZkswQcqulUeMIe7UeNgrVohb', '何玉兰', 'https://api.multiavatar.com/10.png', NULL, '2025-04-13 09:46:19'),
('user_00017', 'o6Mt6c7dYzXb2nBBQpjJibpgbocb', '蒋海燕', 'https://api.multiavatar.com/46.png', '13865561936', '2025-05-17 17:56:50'),
('user_00018', 'odpugzCiPdtAlSAMC1k6Yr31XRIW', '谢海燕', 'https://api.multiavatar.com/77.png', '13132831678', '2025-04-14 03:22:08'),
('user_00019', 'oje3ctNMPZW7lAh0SeSkjUF8ozsK', '肖建国', 'https://api.multiavatar.com/25.png', '15369555642', '2025-06-23 13:34:08'),
('user_00020', 'o5beBDP2ml0MIjhv067qa0rnOZGv', '曹桂荣', 'https://api.multiavatar.com/24.png', '15591881445', '2025-05-14 06:18:08'),
('user_00021', 'ojh7VDcrAzMEsLVhTbo7gLzf9Jmt', '丁海燕', 'https://api.multiavatar.com/9.png', NULL, '2025-06-23 00:32:28'),
('user_00022', 'oXj1Hdic2pBKcFHX5mppR4THyJrO', '许娟', 'https://api.multiavatar.com/30.png', '18176627410', '2025-07-20 10:41:46'),
('user_00023', 'oYLUJIVlSuJfM5kXCSju3fbfkTzE', '程玉梅', 'https://api.multiavatar.com/29.png', NULL, '2025-09-05 11:57:29'),
('user_00024', 'okSrE32dvdw7PW9v256qRf27DNpN', '王玉梅', 'https://api.multiavatar.com/100.png', '13109247618', '2025-04-12 10:57:29'),
('user_00025', 'oGYNTbxP3oQL87AZaQ3C53uQIEBk', '沈洋', 'https://api.multiavatar.com/80.png', NULL, '2025-04-24 22:27:19'),
('user_00026', 'oRK5tkMY6oZ4qRk2PMjDWidvggsO', '林建华', 'https://api.multiavatar.com/54.png', '15852216412', '2025-09-27 04:34:41'),
('user_00027', 'on5mksuWPDHRPdqwirjj5xbTJ2Wm', '马海燕', 'https://api.multiavatar.com/88.png', '13703638003', '2025-07-12 18:30:17'),
('user_00028', 'oY4uK09JA43MMx4WQkBY5EL6tUFs', '田平', 'https://api.multiavatar.com/32.png', '15268386278', '2025-08-27 12:53:24'),
('user_00029', 'oWoLqYNPs8CG9cR3PXMJAXcYTbrI', '彭敏', 'https://api.multiavatar.com/36.png', '18571233566', '2025-06-11 22:08:50'),
('user_00030', 'oQ0M8PqSWnIPT3juk454TE4Ws3yB', '杨秀云', 'https://api.multiavatar.com/55.png', '15104240107', '2025-04-09 09:39:21'),
('user_00031', 'ooTsm6iEiYXApH6VRFC7HQ3BQxA6', '郭敏', 'https://api.multiavatar.com/96.png', NULL, '2025-05-05 01:08:28'),
('user_00032', 'oNcA9VTSBTr35kA7IC9juW9bx9cu', '唐桂英', 'https://api.multiavatar.com/18.png', '18485925113', '2025-06-02 19:08:50'),
('user_00033', 'oeTwRrGiANtJcMXWBldxWKUtn6ic', '刘秀兰', 'https://api.multiavatar.com/7.png', '13069847458', '2025-05-06 08:04:58'),
('user_00034', 'om2zyV978r5Jt7YRtUv0N2q65sNX', '何秀兰', 'https://api.multiavatar.com/71.png', '18032420340', '2025-04-21 09:00:26'),
('user_00035', 'oSl3rHtmPT4KsvldgQ1Lyp6kQxAX', '周秀兰', 'https://api.multiavatar.com/2.png', '15216073834', '2025-04-10 04:28:37'),
('user_00036', 'ow95JukmDAxiQBzzIsnlOSEAC8Kq', '黄丽华', 'https://api.multiavatar.com/16.png', '13284481224', '2025-06-13 21:17:38'),
('user_00037', 'oLtnkXQusOSs4FB13eoazgdJHifu', '杜海燕', 'https://api.multiavatar.com/35.png', '18019620015', '2025-05-09 23:57:50'),
('user_00038', 'o2TzYRaiwDEGiDk5o19covCgLHty', '肖丽丽', 'https://api.multiavatar.com/91.png', '15334102512', '2025-04-23 16:30:26'),
('user_00039', 'ogQGiC2kq390dCBqJ1bbNaJE2U3F', '宋桂珍', 'https://api.multiavatar.com/31.png', '15168168348', '2025-05-22 13:13:20'),
('user_00040', 'oAfVY2VIkasBDalXzB2wZBs8rlS0', '张丽娟', 'https://api.multiavatar.com/19.png', NULL, '2025-07-31 23:05:52'),
('user_00041', 'o3xUMKCEALYMbWIj92FjF7h4YyqI', '谢超', 'https://api.multiavatar.com/72.png', '13948756061', '2025-07-18 21:11:45'),
('user_00042', 'oto495gyk4dgNg6EEYoTzmSTqwvx', '郭敏', 'https://api.multiavatar.com/32.png', NULL, '2025-04-26 10:11:47'),
('user_00043', 'oquSN36xQXsawyJyYZn5bONH6poG', '徐明', 'https://api.multiavatar.com/70.png', '18694472698', '2025-06-08 12:09:34'),
('user_00044', 'ouDDUrvrZcFZu2ZyJubBahW4xm19', '邓霞', 'https://api.multiavatar.com/91.png', NULL, '2025-09-08 21:03:19'),
('user_00045', 'oA6PXWZ51RDPl6fxHfeFmPOhBYsN', '余军', 'https://api.multiavatar.com/26.png', NULL, '2025-07-01 18:20:13'),
('user_00046', 'oNJnwpM6odF5C2aEfGxW26MsfhSa', '孙桂荣', 'https://api.multiavatar.com/91.png', '18325230869', '2025-08-17 14:11:30'),
('user_00047', 'ovaI0FFgc8H5DByaK7Fe02Qhvagz', '魏玉梅', 'https://api.multiavatar.com/18.png', '18633217598', '2025-08-28 09:56:23'),
('user_00048', 'odgJBgCHXdU0Cftc2VOoCg7gWe5f', '董秀云', 'https://api.multiavatar.com/2.png', '13960428704', '2025-06-10 12:54:35'),
('user_00049', 'om3LFw3OayVqcGmCmZDHRw1IWdKY', '黄伟', 'https://api.multiavatar.com/94.png', '18382134425', '2025-05-11 04:32:31'),
('user_00050', 'oYJv9zvzwDuVU0rsBPnAdXypmYG2', '胡建国', 'https://api.multiavatar.com/85.png', NULL, '2025-06-10 16:46:14'),
('user_00051', 'oXT643HxskkvYW8QGnxVDv6nbzk1', '沈刚', 'https://api.multiavatar.com/65.png', '15129151693', '2025-06-10 03:59:17'),
('user_00052', 'oIYodDSg5b7qIqzeedtIkxY3MmpK', '黄建军', 'https://api.multiavatar.com/72.png', '18154801190', '2025-04-09 16:41:18'),
('user_00053', 'onKhQviUwREkMpHETrPo2DCdrf8N', '吴桂珍', 'https://api.multiavatar.com/47.png', '18252523588', '2025-08-27 12:35:11'),
('user_00054', 'ow0drrxHaZar6bjqBcLK13eqsY5v', '马秀英', 'https://api.multiavatar.com/53.png', '18943567554', '2025-04-10 08:55:28'),
('user_00055', 'oLutebXq9VVWjEBvUANhV6nXNd50', '宋丽华', 'https://api.multiavatar.com/84.png', '18407049939', '2025-09-01 10:03:09'),
('user_00056', 'oXilJ9UqCth2X7HwBdwpKdh77SVf', '苏伟', 'https://api.multiavatar.com/96.png', '15720812351', '2025-07-04 20:03:05'),
('user_00057', 'oUCfDuzgGE722S1Upu0B3xilOsRn', '罗超', 'https://api.multiavatar.com/5.png', '18524087670', '2025-06-24 13:47:10'),
('user_00058', 'oEPQX9SqvCHUgRTOPioVcWmyD1gn', '郑桂珍', 'https://api.multiavatar.com/45.png', '18692738118', '2025-08-13 15:45:07'),
('user_00059', 'oEFdK9XdDCHeDb727EFYppIxPHaP', '张强', 'https://api.multiavatar.com/6.png', '18506538798', '2025-06-10 13:50:19'),
('user_00060', 'o3BdvujFyig1zcXeVomDGoQBJGvK', '黄芳', 'https://api.multiavatar.com/72.png', NULL, '2025-05-18 01:40:26'),
('user_00061', 'oTJZxvRc6VbhijnUX4F7syD84EcK', '唐涛', 'https://api.multiavatar.com/57.png', '13082484446', '2025-06-14 03:20:43'),
('user_00062', 'oyJJGqThhEURExuTbeDgxxrHw07L', '胡静', 'https://api.multiavatar.com/57.png', '15200849660', '2025-05-16 04:05:20'),
('user_00063', 'oGo85PpaoqzH5piSnVGPngQWI5FV', '董霞', 'https://api.multiavatar.com/87.png', '13814644944', '2025-06-22 06:47:35'),
('user_00064', 'o27CZG9GI5lE7C1yRg7DM8M6Glc6', '杨丽娟', 'https://api.multiavatar.com/64.png', '15267556378', '2025-08-09 22:45:04'),
('user_00065', 'oQ8wQktVnznTDbmYvYEupPS4MvPx', '杜超', 'https://api.multiavatar.com/14.png', '18639625978', '2025-07-15 20:56:32'),
('user_00066', 'oeGKqqXRhy7SDB5m7dRNJZ7apCsD', '杜桂荣', 'https://api.multiavatar.com/79.png', '13565749391', '2025-04-18 12:56:54'),
('user_00067', 'olnAh7HnbyGzFYRQQO1HeiIAt2bq', '郑超', 'https://api.multiavatar.com/36.png', NULL, '2025-09-05 07:44:35'),
('user_00068', 'oPhOEzRRwNJvW6g0A1BbsFPrYOvN', '梁丽娟', 'https://api.multiavatar.com/61.png', NULL, '2025-05-28 02:10:22'),
('user_00069', 'oWEip0bJqaYsdz0e32lPdDknF7FI', '张艳', 'https://api.multiavatar.com/77.png', NULL, '2025-04-29 10:08:22'),
('user_00070', 'o1E3ukPnUeCNUCqCPk1i8sBmFxM0', '魏敏', 'https://api.multiavatar.com/51.png', '13054415456', '2025-04-08 13:10:13'),
('user_00071', 'oC3NdF3iNSUWyVNT2DkS2GTALBpL', '杨玉芳', 'https://api.multiavatar.com/22.png', '15691189603', '2025-04-28 23:58:05'),
('user_00072', 'oqNAXgvZ8QS20YvpULWKOsm7lEHT', '林玉兰', 'https://api.multiavatar.com/34.png', '18536974298', '2025-08-02 07:21:52'),
('user_00073', 'oJgMse5objF5KO1eClXQ2Qha6p6Y', '沈桂玲', 'https://api.multiavatar.com/74.png', '15985420029', '2025-04-09 07:23:23'),
('user_00074', 'ojqenwSZsWd8gjmaQZCpPZOm2JWG', '胡建国', 'https://api.multiavatar.com/14.png', '18029099930', '2025-04-27 08:39:52'),
('user_00075', 'oXs5vq3l74Akb1lGE9RMhc1ETNuq', '曹建华', 'https://api.multiavatar.com/9.png', '13833589028', '2025-05-07 20:12:16'),
('user_00076', 'oCpDBIc2xkiiegouoUuBcdLjFBEY', '丁艳', 'https://api.multiavatar.com/37.png', NULL, '2025-06-01 14:06:29'),
('user_00077', 'oXjdA2amKzUxzzBtQJ4GWg4104G3', '郭玉华', 'https://api.multiavatar.com/61.png', NULL, '2025-05-24 18:34:22'),
('user_00078', 'oHadNqT1zTL6N6KS1QMT8rbnhYHD', '曹娜', 'https://api.multiavatar.com/38.png', '13114658950', '2025-07-29 21:53:09'),
('user_00079', 'oy4uhrxzbr4R1tIG4K2RgkMojlcb', '马桂玲', 'https://api.multiavatar.com/63.png', NULL, '2025-05-31 22:54:20'),
('user_00080', 'oGJADzLS38XznH2lgKncI60RbB0D', '陈杰', 'https://api.multiavatar.com/84.png', NULL, '2025-05-29 03:40:40'),
('user_00081', 'oxyn9AbJuSWtAmxQmvfKlr1oIZgf', '唐秀梅', 'https://api.multiavatar.com/100.png', '18094020766', '2025-05-29 19:01:32'),
('user_00082', 'oxst7IVLTGKSSaeeAhHk1FnwpUN5', '林雪梅', 'https://api.multiavatar.com/9.png', NULL, '2025-05-15 02:05:03'),
('user_00083', 'oCZeULkKM4tJuxEoyvMzw4eDuHuA', '赵涛', 'https://api.multiavatar.com/50.png', '18692217744', '2025-08-02 12:40:25'),
('user_00084', 'o2Sso5xqe2OIFKbx8X5cYQI3QEtG', '林伟', 'https://api.multiavatar.com/62.png', '15698657671', '2025-07-21 19:31:39'),
('user_00085', 'oiSKYejZWgkFWdXwcDiERk6S5wHB', '叶军', 'https://api.multiavatar.com/83.png', '15758800662', '2025-08-08 09:07:50'),
('user_00086', 'oTRlUKVc0cVFXEsYrQczQIDgZPkv', '蔡磊', 'https://api.multiavatar.com/47.png', '15901748147', '2025-07-18 01:44:34'),
('user_00087', 'oTYOkwHR6ksgFS7jgafvbnyXuzhQ', '潘海燕', 'https://api.multiavatar.com/15.png', '18482920832', '2025-09-20 11:19:35'),
('user_00088', 'owSAxipUYoFZFLdEdZ0SivanKkxF', '肖秀珍', 'https://api.multiavatar.com/97.png', '13248753321', '2025-08-19 00:21:36'),
('user_00089', 'oUhb7SKrfHJ9Ssu0EKxsiUZkNY4X', '曾华', 'https://api.multiavatar.com/27.png', NULL, '2025-05-28 20:12:07'),
('user_00090', 'oQ9lnbam0lueuO1EpvQtLcN92ODr', '曹建华', 'https://api.multiavatar.com/43.png', NULL, '2025-08-08 12:15:05'),
('user_00091', 'op6zlH8jYOZcIcgOD4mynVRiC0hT', '王明', 'https://api.multiavatar.com/61.png', '13421845389', '2025-07-04 10:19:33'),
('user_00092', 'oqv0VHVFOORGPDgX6bz5dhHx2V7R', '赵强', 'https://api.multiavatar.com/17.png', '18157273766', '2025-09-10 03:28:01'),
('user_00093', 'oKAEWWnyghrqkhTAUIBkXGSZtSsR', '许涛', 'https://api.multiavatar.com/1.png', '15390483957', '2025-05-04 13:16:14'),
('user_00094', 'o5sRV4tpPkfuNB7rDXTRP2UqIv1x', '苏娜', 'https://api.multiavatar.com/3.png', '13621762655', '2025-05-11 18:34:59'),
('user_00095', 'orJbTOtILpsFTV1yYULKiLzrCB8Z', '黄海燕', 'https://api.multiavatar.com/23.png', NULL, '2025-08-15 21:45:45'),
('user_00096', 'ohVSWsC0ixQuoEV6D7UOBDHgpW3j', '丁磊', 'https://api.multiavatar.com/99.png', '18151755558', '2025-09-18 19:09:49'),
('user_00097', 'oU34TFTYslEZkHQSlSQcKll9c0gM', '陈玉珍', 'https://api.multiavatar.com/45.png', '13145330649', '2025-05-12 15:54:56'),
('user_00098', 'o2zXJLtGuYD8KUMJx3jg3CVK0gys', '张桂英', 'https://api.multiavatar.com/29.png', NULL, '2025-06-06 15:09:31'),
('user_00099', 'odAS8zCj9dmPDJm3YqBehgEq83Mw', '肖建军', 'https://api.multiavatar.com/64.png', '13475937385', '2025-05-08 03:30:16'),
('user_00100', 'oAA7GGrVLZqhdm8sH2Rl3Fcwu6jC', '宋秀梅', 'https://api.multiavatar.com/48.png', '15163358487', '2025-08-15 21:45:46');

-- 插入 20 个商户
INSERT INTO merchants (id, merchant_name, merchant_no, contact_person, contact_phone, business_license, status, business_category, created_at) VALUES
('mch_00001', '南京化妆品店', 'MCH383135439782', '黄丽丽', '15540781429', 'IIB9S3TUG0OING5QZE', 'inactive', '零售', '2025-09-15 18:59:54'),
('mch_00002', '长沙诊所', 'MCH412944066186', '唐丽', '18566866982', 'EEJSUP6QRMYSGB0Q15', 'active', '服务', '2025-07-27 23:54:54'),
('mch_00003', '上海日式料理', 'MCH129677136425', '郑伟', '18481819665', 'ELPSF9IRCGMASDKF8K', 'active', '餐饮', '2025-08-16 03:17:55'),
('mch_00004', '合肥蛋糕店', 'MCH879083630451', '邓桂荣', '13735201069', 'PQ7MNPS3YPRVNQVQLP', 'active', '零售', '2025-01-12 20:49:05'),
('mch_00005', '苏州鞋店', 'MCH966735121929', '冯雪梅', '15672389381', 'J4ZNJN76ZFMEQHGXRP', 'active', '零售', '2024-10-17 19:11:56'),
('mch_00006', '沈阳湘菜馆', 'MCH936486573823', '吕丽娟', '13174554421', 'CK80A2DGLCJZHMTHDV', 'inactive', '餐饮', '2025-08-20 03:04:52'),
('mch_00007', '北京培训机构', 'MCH170792520618', '任秀云', '13414498910', 'X547106HQAQLK6EZI4', 'inactive', '教育', '2024-10-15 05:25:29'),
('mch_00008', '广州茶餐厅', 'MCH048731327638', '杨静', '15616270900', 'TEWC3UZQ9CWFQOP3D5', 'active', '餐饮', '2024-10-11 12:28:28'),
('mch_00009', '广州火锅店', 'MCH441530163026', '吴秀玲', '18869993450', '9HJ36AGE1SVMIIX7E7', 'inactive', '餐饮', '2025-01-09 12:19:27'),
('mch_00010', '南京花店', 'MCH551868531484', '肖勇', '13997363347', '43MAKB3W1OBUHIXUVA', 'active', '零售', '2025-08-12 06:36:49'),
('mch_00011', '佛山美术班', 'MCH760903058000', '高桂英', '18632427803', 'ZDB2JPOVTC7919QW1Z', 'active', '教育', '2025-03-24 18:51:36'),
('mch_00012', '苏州江南味道', 'MCH650714827006', '高建华', '18311547891', 'LCKWQHPM2BBLKQ6WDM', 'active', '餐饮', '2024-12-04 11:10:57'),
('mch_00013', '合肥水果店', 'MCH991133610979', '郭芳', '13205255925', 'RSSN9GFTTHBXU36JER', 'active', '零售', '2024-10-05 17:33:47'),
('mch_00014', '深圳饮品店', 'MCH688430208546', '孙伟', '15158389273', 'P8X0NOOHDXZWL91KE2', 'inactive', '零售', '2025-07-16 15:16:42'),
('mch_00015', '西安KTV', 'MCH080516962319', '郭桂荣', '15660009806', 'THVODX12MX2YSL8DST', 'active', '娱乐', '2025-08-30 22:08:38'),
('mch_00016', '北京加油站', 'MCH344113548106', '程玉华', '15958839136', 'F74RF249MYWJIAHMGE', 'active', '服务', '2025-03-15 06:25:34'),
('mch_00017', '深圳面包房', 'MCH178395199292', '李秀兰', '18557612693', '5HCZZ092H60CU69FQ4', 'active', '零售', '2025-08-01 09:17:52'),
('mch_00018', '郑州足浴店', 'MCH149230372329', '黄丽华', '18388803380', '79U71SDK7P8PTYD8DZ', 'active', '娱乐', '2025-01-28 18:30:32'),
('mch_00019', '深圳羽毛球馆', 'MCH463980735947', '刘丽娟', '18243906777', 'RA0E6ISKGS85VCQLTV', 'active', '娱乐', '2025-09-07 07:15:39'),
('mch_00020', '长沙美容院', 'MCH725294130879', '许桂英', '18157741768', 'TMMC7OHQK7G3531PQI', 'active', '娱乐', '2025-03-13 12:39:18');

-- 插入 233 笔订单
INSERT INTO payment_orders (id, user_id, merchant_id, merchant_name, merchant_category, amount, points_awarded, payment_method, status, wechat_order_id, paid_at, created_at) VALUES
('ord_202509302028160000015r0s', 'user_00001', 'mch_00011', '佛山美术班', '教育', 1037, 1, 'wechat_pay', 'paid', '4200783093047806017082916974', '2025-09-29 01:11:48', '2025-09-29 01:11:48'),
('ord_20250930202816000003nrim', 'user_00001', 'mch_00008', '广州茶餐厅', '餐饮', 18887, 18, 'wechat_pay', 'paid', '4200142087635355858764870507', '2025-08-31 21:32:51', '2025-08-31 21:32:51'),
('ord_20250930202816000005reqa', 'user_00002', 'mch_00015', '西安KTV', '娱乐', 2460, 2, 'wechat_pay', 'paid', '4200952082705100434475595169', '2025-09-23 10:36:48', '2025-09-23 10:36:48'),
('ord_20250930202816000007yv5v', 'user_00002', 'mch_00010', '南京花店', '零售', 4036, 0, 'wechat_pay', 'cancelled', NULL, NULL, '2025-08-14 19:10:09'),
('ord_20250930202816000008fry7', 'user_00002', 'mch_00017', '深圳面包房', '零售', 1063, 1, 'wechat_pay', 'paid', '4200580311451966162902261096', '2025-08-26 18:16:06', '2025-08-26 18:16:06'),
('ord_20250930202816000010rqbj', 'user_00003', 'mch_00018', '郑州足浴店', '娱乐', 2928, 2, 'wechat_pay', 'paid', '4200049420306926644075712058', '2025-08-07 07:28:48', '2025-08-07 07:28:48'),
('ord_2025093020281600001285z0', 'user_00003', 'mch_00010', '南京花店', '零售', 1140, 1, 'wechat_pay', 'paid', '4200088428922608700790670670', '2025-08-22 19:20:42', '2025-08-22 19:20:42'),
('ord_20250930202816000014a0f0', 'user_00003', 'mch_00011', '佛山美术班', '教育', 3472, 0, 'wechat_pay', 'cancelled', NULL, NULL, '2025-09-23 13:26:25'),
('ord_20250930202816000015v3qj', 'user_00004', 'mch_00013', '合肥水果店', '零售', 1988, 0, 'wechat_pay', 'cancelled', NULL, NULL, '2025-08-12 16:27:01'),
('ord_20250930202816000016dy3w', 'user_00004', 'mch_00015', '西安KTV', '娱乐', 7025, 7, 'wechat_pay', 'paid', '4200387165617280095314457794', '2025-09-18 00:05:46', '2025-09-18 00:05:46'),
('ord_20250930202816000018w82h', 'user_00005', 'mch_00004', '合肥蛋糕店', '零售', 723, 1, 'wechat_pay', 'paid', '4200592631403155462008246609', '2025-09-25 12:48:19', '2025-09-25 12:48:19'),
('ord_20250930202816000020s0sb', 'user_00005', 'mch_00003', '上海日式料理', '餐饮', 6824, 6, 'wechat_pay', 'paid', '4200350634662577614599086661', '2025-08-23 17:08:25', '2025-08-23 17:08:25'),
('ord_202509302028160000221khh', 'user_00006', 'mch_00018', '郑州足浴店', '娱乐', 5053, 5, 'wechat_pay', 'paid', '4200958944036793876122265307', '2025-09-11 20:57:25', '2025-09-11 20:57:25'),
('ord_202509302028160000244542', 'user_00006', 'mch_00011', '佛山美术班', '教育', 1327, 1, 'wechat_pay', 'paid', '4200701463228151530859618108', '2025-09-13 03:40:51', '2025-09-13 03:40:51'),
('ord_20250930202816000026y0sm', 'user_00007', 'mch_00018', '郑州足浴店', '娱乐', 4922, 0, 'wechat_pay', 'cancelled', NULL, NULL, '2025-08-29 11:27:33'),
('ord_20250930202816000027aolq', 'user_00008', 'mch_00013', '合肥水果店', '零售', 9392, 9, 'wechat_pay', 'paid', '4200578111382651888098863693', '2025-08-04 11:05:39', '2025-08-04 11:05:39'),
('ord_20250930202816000029tok5', 'user_00008', 'mch_00017', '深圳面包房', '零售', 7270, 7, 'wechat_pay', 'paid', '4200084080362191973492247343', '2025-08-22 04:06:33', '2025-08-22 04:06:33'),
('ord_20250930202816000031obxf', 'user_00009', 'mch_00004', '合肥蛋糕店', '零售', 3842, 3, 'wechat_pay', 'paid', '4200214495688818170329076603', '2025-09-02 13:15:21', '2025-09-02 13:15:21'),
('ord_202509302028160000333tfy', 'user_00009', 'mch_00018', '郑州足浴店', '娱乐', 1940, 1, 'wechat_pay', 'paid', '4200516601116148834856475445', '2025-09-14 15:39:56', '2025-09-14 15:39:56'),
('ord_20250930202816000035k3dd', 'user_00009', 'mch_00019', '深圳羽毛球馆', '娱乐', 7258, 7, 'wechat_pay', 'paid', '4200791295505367770258700136', '2025-09-01 12:53:27', '2025-09-01 12:53:27'),
('ord_20250930202816000037f3uy', 'user_00009', 'mch_00003', '上海日式料理', '餐饮', 1899, 1, 'wechat_pay', 'paid', '4200030627230385482798480912', '2025-08-08 17:09:22', '2025-08-08 17:09:22'),
('ord_20250930202816000039ky8j', 'user_00010', 'mch_00004', '合肥蛋糕店', '零售', 1948, 1, 'wechat_pay', 'paid', '4200770450691304778622202833', '2025-08-03 10:24:55', '2025-08-03 10:24:55'),
('ord_20250930202816000041hp1z', 'user_00011', 'mch_00016', '北京加油站', '服务', 5065, 5, 'wechat_pay', 'paid', '4200032843239533462045119948', '2025-08-03 06:02:18', '2025-08-03 06:02:18'),
('ord_202509302028160000439vgt', 'user_00011', 'mch_00003', '上海日式料理', '餐饮', 5482, 5, 'wechat_pay', 'paid', '4200944362098277826396159348', '2025-08-19 04:25:02', '2025-08-19 04:25:02'),
('ord_20250930202816000045lqbv', 'user_00012', 'mch_00017', '深圳面包房', '零售', 9084, 9, 'wechat_pay', 'paid', '4200411052888720875925299076', '2025-09-09 18:53:09', '2025-09-09 18:53:09'),
('ord_20250930202816000047g41c', 'user_00012', 'mch_00020', '长沙美容院', '娱乐', 1476, 1, 'wechat_pay', 'paid', '4200667401722755250592147597', '2025-09-26 04:20:58', '2025-09-26 04:20:58'),
('ord_202509302028160000499jk8', 'user_00012', 'mch_00011', '佛山美术班', '教育', 1073, 1, 'wechat_pay', 'paid', '4200248246927229147372647688', '2025-08-14 16:38:35', '2025-08-14 16:38:35'),
('ord_202509302028160000519wwh', 'user_00012', 'mch_00002', '长沙诊所', '服务', 832, 1, 'wechat_pay', 'paid', '4200061593601441880862606974', '2025-08-26 06:22:46', '2025-08-26 06:22:46'),
('ord_202509302028160000531tc3', 'user_00013', 'mch_00013', '合肥水果店', '零售', 3825, 3, 'wechat_pay', 'paid', '4200564205586253254906284156', '2025-09-14 15:23:53', '2025-09-14 15:23:53'),
('ord_20250930202816000055fwy3', 'user_00014', 'mch_00011', '佛山美术班', '教育', 1241, 0, 'wechat_pay', 'cancelled', NULL, NULL, '2025-09-13 18:21:39'),
('ord_20250930202816000056bsgj', 'user_00015', 'mch_00005', '苏州鞋店', '零售', 1834, 1, 'wechat_pay', 'paid', '4200652599898848837532095818', '2025-08-03 15:23:49', '2025-08-03 15:23:49'),
('ord_20250930202816000058py5p', 'user_00016', 'mch_00020', '长沙美容院', '娱乐', 1863, 0, 'wechat_pay', 'cancelled', NULL, NULL, '2025-08-12 04:48:41'),
('ord_20250930202816000059irct', 'user_00016', 'mch_00004', '合肥蛋糕店', '零售', 2106, 2, 'wechat_pay', 'paid', '4200661261176305942918520396', '2025-08-22 21:54:23', '2025-08-22 21:54:23'),
('ord_202509302028160000618c2r', 'user_00017', 'mch_00013', '合肥水果店', '零售', 4315, 0, 'wechat_pay', 'cancelled', NULL, NULL, '2025-08-27 13:23:59'),
('ord_20250930202816000062uvpb', 'user_00017', 'mch_00015', '西安KTV', '娱乐', 6588, 6, 'wechat_pay', 'paid', '4200557034669699574137361332', '2025-08-20 12:07:02', '2025-08-20 12:07:02'),
('ord_20250930202816000064owg3', 'user_00017', 'mch_00015', '西安KTV', '娱乐', 3349, 3, 'wechat_pay', 'paid', '4200671626364929334526151075', '2025-08-07 09:11:13', '2025-08-07 09:11:13'),
('ord_20250930202816000066nzxo', 'user_00018', 'mch_00010', '南京花店', '零售', 1060, 1, 'wechat_pay', 'paid', '4200157888012332278009353394', '2025-08-15 04:59:40', '2025-08-15 04:59:40'),
('ord_20250930202816000068kotf', 'user_00019', 'mch_00011', '佛山美术班', '教育', 1571, 1, 'wechat_pay', 'paid', '4200939399085662200598604330', '2025-09-11 13:53:55', '2025-09-11 13:53:55'),
('ord_20250930202816000070711n', 'user_00019', 'mch_00013', '合肥水果店', '零售', 2612, 2, 'wechat_pay', 'paid', '4200859341711472158992139894', '2025-08-01 06:42:23', '2025-08-01 06:42:23'),
('ord_202509302028160000727uti', 'user_00019', 'mch_00010', '南京花店', '零售', 1123, 0, 'wechat_pay', 'cancelled', NULL, NULL, '2025-08-27 07:43:55'),
('ord_202509302028160000733rlb', 'user_00020', 'mch_00018', '郑州足浴店', '娱乐', 6111, 0, 'wechat_pay', 'cancelled', NULL, NULL, '2025-08-20 21:07:29'),
('ord_20250930202816000074wyfs', 'user_00020', 'mch_00002', '长沙诊所', '服务', 1917, 1, 'wechat_pay', 'paid', '4200216144504692371319137499', '2025-08-29 03:23:09', '2025-08-29 03:23:09'),
('ord_20250930202816000076jh9o', 'user_00020', 'mch_00003', '上海日式料理', '餐饮', 1382, 0, 'wechat_pay', 'cancelled', NULL, NULL, '2025-09-03 19:39:11'),
('ord_202509302028160000772uyr', 'user_00020', 'mch_00005', '苏州鞋店', '零售', 6247, 6, 'wechat_pay', 'paid', '4200044764019873433536207210', '2025-08-07 11:42:44', '2025-08-07 11:42:44'),
('ord_20250930202816000079dumt', 'user_00021', 'mch_00002', '长沙诊所', '服务', 2625, 2, 'wechat_pay', 'paid', '4200294056567524160087239524', '2025-09-25 17:59:29', '2025-09-25 17:59:29'),
('ord_20250930202816000081vw6j', 'user_00021', 'mch_00011', '佛山美术班', '教育', 510, 0, 'wechat_pay', 'cancelled', NULL, NULL, '2025-09-13 00:07:20'),
('ord_20250930202816000082umwt', 'user_00021', 'mch_00008', '广州茶餐厅', '餐饮', 950, 0, 'wechat_pay', 'cancelled', NULL, NULL, '2025-08-16 23:38:50'),
('ord_2025093020281600008338xu', 'user_00022', 'mch_00003', '上海日式料理', '餐饮', 3778, 3, 'wechat_pay', 'paid', '4200011989177059054830052886', '2025-08-21 19:31:34', '2025-08-21 19:31:34'),
('ord_20250930202816000085zgi2', 'user_00022', 'mch_00018', '郑州足浴店', '娱乐', 5365, 5, 'wechat_pay', 'paid', '4200594318437277977055355616', '2025-08-18 17:49:33', '2025-08-18 17:49:33'),
('ord_20250930202816000087kb9y', 'user_00023', 'mch_00008', '广州茶餐厅', '餐饮', 3954, 3, 'wechat_pay', 'paid', '4200904599678609799108815314', '2025-08-20 23:21:42', '2025-08-20 23:21:42'),
('ord_20250930202816000089epgk', 'user_00023', 'mch_00013', '合肥水果店', '零售', 4746, 4, 'wechat_pay', 'paid', '4200746887473632574203323901', '2025-08-09 12:24:04', '2025-08-09 12:24:04'),
('ord_20250930202816000091o2ve', 'user_00023', 'mch_00005', '苏州鞋店', '零售', 1867, 1, 'wechat_pay', 'paid', '4200295164548473611653198346', '2025-08-08 09:07:30', '2025-08-08 09:07:30'),
('ord_2025093020281600009380rs', 'user_00024', 'mch_00015', '西安KTV', '娱乐', 3537, 3, 'wechat_pay', 'paid', '4200305168946830432598252913', '2025-09-01 03:20:59', '2025-09-01 03:20:59'),
('ord_20250930202816000095rnc5', 'user_00024', 'mch_00004', '合肥蛋糕店', '零售', 1604, 1, 'wechat_pay', 'paid', '4200723127042884693108125296', '2025-08-18 21:31:05', '2025-08-18 21:31:05'),
('ord_202509302028160000970bd9', 'user_00024', 'mch_00020', '长沙美容院', '娱乐', 840, 1, 'wechat_pay', 'paid', '4200810323072939156689621883', '2025-08-24 16:17:09', '2025-08-24 16:17:09'),
('ord_202509302028160000992n62', 'user_00025', 'mch_00010', '南京花店', '零售', 963, 0, 'wechat_pay', 'cancelled', NULL, NULL, '2025-09-07 22:36:39'),
('ord_202509302028160001003as9', 'user_00026', 'mch_00020', '长沙美容院', '娱乐', 3050, 3, 'wechat_pay', 'paid', '4200029314980880198942761773', '2025-09-19 01:28:45', '2025-09-19 01:28:45'),
('ord_20250930202816000102g1m6', 'user_00026', 'mch_00018', '郑州足浴店', '娱乐', 1873, 1, 'wechat_pay', 'paid', '4200170603169420433469786757', '2025-08-04 03:22:17', '2025-08-04 03:22:17'),
('ord_20250930202816000104761t', 'user_00026', 'mch_00004', '合肥蛋糕店', '零售', 7775, 0, 'wechat_pay', 'cancelled', NULL, NULL, '2025-09-20 07:08:19'),
('ord_20250930202816000105h8qe', 'user_00026', 'mch_00018', '郑州足浴店', '娱乐', 4916, 4, 'wechat_pay', 'paid', '4200272078744741371346658053', '2025-08-28 03:36:14', '2025-08-28 03:36:14'),
('ord_20250930202816000107suya', 'user_00027', 'mch_00017', '深圳面包房', '零售', 19806, 19, 'wechat_pay', 'paid', '4200667654069010117314631872', '2025-09-29 23:28:38', '2025-09-29 23:28:38'),
('ord_20250930202816000109yy5j', 'user_00027', 'mch_00018', '郑州足浴店', '娱乐', 1033, 0, 'wechat_pay', 'cancelled', NULL, NULL, '2025-09-11 00:04:06'),
('ord_20250930202816000110b351', 'user_00027', 'mch_00003', '上海日式料理', '餐饮', 1727, 1, 'wechat_pay', 'paid', '4200700335029592864534914574', '2025-08-22 09:58:40', '2025-08-22 09:58:40'),
('ord_20250930202816000112mqu8', 'user_00028', 'mch_00017', '深圳面包房', '零售', 1998, 1, 'wechat_pay', 'paid', '4200764792192537196347593210', '2025-08-28 19:15:42', '2025-08-28 19:15:42'),
('ord_20250930202816000114akc3', 'user_00028', 'mch_00017', '深圳面包房', '零售', 1428, 0, 'wechat_pay', 'cancelled', NULL, NULL, '2025-08-24 16:57:15'),
('ord_20250930202816000115vpc0', 'user_00028', 'mch_00018', '郑州足浴店', '娱乐', 638, 1, 'wechat_pay', 'paid', '4200567312841466983495670702', '2025-08-20 20:08:37', '2025-08-20 20:08:37'),
('ord_20250930202816000117sufs', 'user_00028', 'mch_00012', '苏州江南味道', '餐饮', 1261, 1, 'wechat_pay', 'paid', '4200301156449732519155188771', '2025-08-30 21:36:06', '2025-08-30 21:36:06'),
('ord_20250930202816000119r87z', 'user_00029', 'mch_00020', '长沙美容院', '娱乐', 3071, 3, 'wechat_pay', 'paid', '4200569738405139764426356529', '2025-08-19 16:52:26', '2025-08-19 16:52:26'),
('ord_20250930202816000121rswm', 'user_00029', 'mch_00015', '西安KTV', '娱乐', 609, 1, 'wechat_pay', 'paid', '4200477387784807487234959514', '2025-08-07 08:25:04', '2025-08-07 08:25:04'),
('ord_20250930202816000123njkn', 'user_00029', 'mch_00020', '长沙美容院', '娱乐', 1934, 0, 'wechat_pay', 'cancelled', NULL, NULL, '2025-08-11 08:59:14'),
('ord_20250930202816000124i5d8', 'user_00030', 'mch_00004', '合肥蛋糕店', '零售', 1233, 0, 'wechat_pay', 'cancelled', NULL, NULL, '2025-08-23 23:19:19'),
('ord_20250930202816000125n1br', 'user_00030', 'mch_00010', '南京花店', '零售', 3466, 3, 'wechat_pay', 'paid', '4200903956483343957588931599', '2025-08-28 11:47:58', '2025-08-28 11:47:58'),
('ord_20250930202816000127fdq4', 'user_00030', 'mch_00010', '南京花店', '零售', 1053, 1, 'wechat_pay', 'paid', '4200978554107173987374231467', '2025-08-12 14:18:38', '2025-08-12 14:18:38'),
('ord_20250930202816000129o00v', 'user_00030', 'mch_00010', '南京花店', '零售', 2122, 0, 'wechat_pay', 'cancelled', NULL, NULL, '2025-08-04 00:10:28'),
('ord_20250930202816000130ire9', 'user_00031', 'mch_00003', '上海日式料理', '餐饮', 4371, 4, 'wechat_pay', 'paid', '4200039694426993185852097647', '2025-09-05 10:21:12', '2025-09-05 10:21:12'),
('ord_202509302028160001325yur', 'user_00031', 'mch_00012', '苏州江南味道', '餐饮', 4926, 0, 'wechat_pay', 'cancelled', NULL, NULL, '2025-08-11 10:42:02'),
('ord_20250930202816000133i8zy', 'user_00031', 'mch_00005', '苏州鞋店', '零售', 2738, 2, 'wechat_pay', 'paid', '4200448419427160352435386807', '2025-08-26 11:53:11', '2025-08-26 11:53:11'),
('ord_20250930202816000135x0ig', 'user_00032', 'mch_00003', '上海日式料理', '餐饮', 1064, 1, 'wechat_pay', 'paid', '4200704970200556417812903319', '2025-09-25 13:28:16', '2025-09-25 13:28:16'),
('ord_20250930202816000137kjqr', 'user_00032', 'mch_00011', '佛山美术班', '教育', 1827, 0, 'wechat_pay', 'cancelled', NULL, NULL, '2025-09-27 21:59:42'),
('ord_20250930202816000138pdli', 'user_00033', 'mch_00015', '西安KTV', '娱乐', 3883, 3, 'wechat_pay', 'paid', '4200777243634912683438997579', '2025-08-05 11:46:07', '2025-08-05 11:46:07'),
('ord_20250930202816000140du1z', 'user_00033', 'mch_00013', '合肥水果店', '零售', 1872, 1, 'wechat_pay', 'paid', '4200708930482798140927124807', '2025-09-10 01:25:42', '2025-09-10 01:25:42'),
('ord_20250930202816000142dglz', 'user_00033', 'mch_00010', '南京花店', '零售', 1782, 1, 'wechat_pay', 'paid', '4200787543382636022873576328', '2025-08-25 21:14:53', '2025-08-25 21:14:53'),
('ord_20250930202816000144nkwe', 'user_00033', 'mch_00017', '深圳面包房', '零售', 748, 0, 'wechat_pay', 'cancelled', NULL, NULL, '2025-09-01 15:54:17'),
('ord_20250930202816000145vrdd', 'user_00034', 'mch_00018', '郑州足浴店', '娱乐', 1302, 0, 'wechat_pay', 'cancelled', NULL, NULL, '2025-08-19 11:15:41'),
('ord_20250930202816000146agja', 'user_00034', 'mch_00016', '北京加油站', '服务', 3133, 3, 'wechat_pay', 'paid', '4200164501316730466207204485', '2025-09-26 03:06:41', '2025-09-26 03:06:41'),
('ord_20250930202816000148t47h', 'user_00035', 'mch_00005', '苏州鞋店', '零售', 794, 1, 'wechat_pay', 'paid', '4200647477366845569647532604', '2025-09-01 16:18:29', '2025-09-01 16:18:29'),
('ord_20250930202816000150z51w', 'user_00035', 'mch_00013', '合肥水果店', '零售', 3527, 3, 'wechat_pay', 'paid', '4200385388141958974957250727', '2025-09-17 03:26:33', '2025-09-17 03:26:33'),
('ord_20250930202816000152d94c', 'user_00035', 'mch_00013', '合肥水果店', '零售', 3909, 3, 'wechat_pay', 'paid', '4200790054478222354248964201', '2025-08-12 07:27:41', '2025-08-12 07:27:41'),
('ord_20250930202816000154cnys', 'user_00036', 'mch_00005', '苏州鞋店', '零售', 7601, 7, 'wechat_pay', 'paid', '4200033518005968146120086586', '2025-09-04 21:06:57', '2025-09-04 21:06:57'),
('ord_202509302028160001560rt0', 'user_00037', 'mch_00013', '合肥水果店', '零售', 2577, 2, 'wechat_pay', 'paid', '4200835233018123633272224475', '2025-09-30 18:27:20', '2025-09-30 18:27:20'),
('ord_20250930202816000158ytmv', 'user_00038', 'mch_00019', '深圳羽毛球馆', '娱乐', 4885, 4, 'wechat_pay', 'paid', '4200094267096187582607798349', '2025-09-10 12:11:51', '2025-09-10 12:11:51'),
('ord_20250930202816000160bvdd', 'user_00038', 'mch_00018', '郑州足浴店', '娱乐', 1843, 1, 'wechat_pay', 'paid', '4200802440954608779906544776', '2025-09-25 04:53:41', '2025-09-25 04:53:41'),
('ord_20250930202816000162exo3', 'user_00038', 'mch_00010', '南京花店', '零售', 1123, 0, 'wechat_pay', 'cancelled', NULL, NULL, '2025-08-24 06:37:09'),
('ord_20250930202816000163187e', 'user_00038', 'mch_00011', '佛山美术班', '教育', 1821, 0, 'wechat_pay', 'cancelled', NULL, NULL, '2025-08-23 02:46:19'),
('ord_20250930202816000164mbwo', 'user_00039', 'mch_00008', '广州茶餐厅', '餐饮', 4281, 0, 'wechat_pay', 'cancelled', NULL, NULL, '2025-09-22 12:14:22'),
('ord_202509302028160001653w9y', 'user_00039', 'mch_00003', '上海日式料理', '餐饮', 7751, 7, 'wechat_pay', 'paid', '4200267885806097864373407087', '2025-08-12 01:44:54', '2025-08-12 01:44:54'),
('ord_202509302028160001670e4n', 'user_00040', 'mch_00008', '广州茶餐厅', '餐饮', 49702, 49, 'wechat_pay', 'paid', '4200104915984308763765866606', '2025-09-23 04:46:30', '2025-09-23 04:46:30'),
('ord_20250930202816000169dmjo', 'user_00041', 'mch_00013', '合肥水果店', '零售', 1595, 1, 'wechat_pay', 'paid', '4200537766758836432804569804', '2025-09-11 04:16:46', '2025-09-11 04:16:46'),
('ord_20250930202816000171h109', 'user_00042', 'mch_00015', '西安KTV', '娱乐', 1727, 0, 'wechat_pay', 'cancelled', NULL, NULL, '2025-08-26 04:55:06'),
('ord_202509302028160001723g9l', 'user_00042', 'mch_00008', '广州茶餐厅', '餐饮', 2623, 2, 'wechat_pay', 'paid', '4200914829423092505790201221', '2025-09-15 21:52:19', '2025-09-15 21:52:19'),
('ord_2025093020281600017402kt', 'user_00043', 'mch_00010', '南京花店', '零售', 1254, 0, 'wechat_pay', 'cancelled', NULL, NULL, '2025-09-23 20:43:47'),
('ord_20250930202816000175pbjd', 'user_00044', 'mch_00016', '北京加油站', '服务', 4436, 4, 'wechat_pay', 'paid', '4200367938707775388990622723', '2025-08-04 13:49:19', '2025-08-04 13:49:19'),
('ord_20250930202816000177xnni', 'user_00045', 'mch_00012', '苏州江南味道', '餐饮', 2700, 2, 'wechat_pay', 'paid', '4200884497594059954062921007', '2025-09-03 10:06:43', '2025-09-03 10:06:43'),
('ord_20250930202816000179lxt5', 'user_00045', 'mch_00004', '合肥蛋糕店', '零售', 3108, 3, 'wechat_pay', 'paid', '4200468403238104889855316033', '2025-09-06 21:39:26', '2025-09-06 21:39:26'),
('ord_2025093020281600018147i8', 'user_00046', 'mch_00004', '合肥蛋糕店', '零售', 2981, 2, 'wechat_pay', 'paid', '4200898961165202719384233791', '2025-09-20 11:36:16', '2025-09-20 11:36:16'),
('ord_20250930202816000183cnuu', 'user_00046', 'mch_00015', '西安KTV', '娱乐', 630, 1, 'wechat_pay', 'paid', '4200200301430393144614036527', '2025-09-19 11:34:24', '2025-09-19 11:34:24'),
('ord_20250930202816000185xl4j', 'user_00047', 'mch_00011', '佛山美术班', '教育', 4342, 0, 'wechat_pay', 'cancelled', NULL, NULL, '2025-08-28 00:33:20'),
('ord_20250930202816000186j9e7', 'user_00047', 'mch_00010', '南京花店', '零售', 6336, 0, 'wechat_pay', 'cancelled', NULL, NULL, '2025-08-29 11:25:50'),
('ord_20250930202816000187iv0g', 'user_00047', 'mch_00015', '西安KTV', '娱乐', 3510, 3, 'wechat_pay', 'paid', '4200507233790810252114588755', '2025-09-21 06:33:43', '2025-09-21 06:33:43'),
('ord_20250930202816000189lsea', 'user_00048', 'mch_00002', '长沙诊所', '服务', 3011, 0, 'wechat_pay', 'cancelled', NULL, NULL, '2025-09-10 16:55:52'),
('ord_202509302028160001901w0g', 'user_00049', 'mch_00020', '长沙美容院', '娱乐', 5570, 5, 'wechat_pay', 'paid', '4200064142780272092062104306', '2025-08-22 21:25:09', '2025-08-22 21:25:09'),
('ord_20250930202816000192ls1f', 'user_00049', 'mch_00005', '苏州鞋店', '零售', 9670, 9, 'wechat_pay', 'paid', '4200042771009175874820568506', '2025-09-13 22:07:11', '2025-09-13 22:07:11'),
('ord_2025093020281600019416ph', 'user_00049', 'mch_00003', '上海日式料理', '餐饮', 9380, 9, 'wechat_pay', 'paid', '4200517801345633497077756210', '2025-08-27 14:43:45', '2025-08-27 14:43:45'),
('ord_20250930202816000196p7vy', 'user_00050', 'mch_00004', '合肥蛋糕店', '零售', 984, 1, 'wechat_pay', 'paid', '4200652415114946492902600895', '2025-08-07 09:48:34', '2025-08-07 09:48:34'),
('ord_20250930202816000198q2l4', 'user_00050', 'mch_00020', '长沙美容院', '娱乐', 4877, 4, 'wechat_pay', 'paid', '4200243271173198988832016158', '2025-09-06 23:09:37', '2025-09-06 23:09:37'),
('ord_20250930202816000200able', 'user_00051', 'mch_00003', '上海日式料理', '餐饮', 3295, 0, 'wechat_pay', 'cancelled', NULL, NULL, '2025-09-18 17:33:35'),
('ord_20250930202816000201ds44', 'user_00052', 'mch_00004', '合肥蛋糕店', '零售', 1411, 0, 'wechat_pay', 'cancelled', NULL, NULL, '2025-08-20 23:57:14'),
('ord_20250930202816000202svio', 'user_00052', 'mch_00011', '佛山美术班', '教育', 3023, 3, 'wechat_pay', 'paid', '4200342038067888311475697139', '2025-09-07 01:47:08', '2025-09-07 01:47:08'),
('ord_20250930202816000204sr18', 'user_00052', 'mch_00020', '长沙美容院', '娱乐', 1819, 1, 'wechat_pay', 'paid', '4200248462637707204796184589', '2025-09-04 17:22:50', '2025-09-04 17:22:50'),
('ord_20250930202816000206nb9a', 'user_00053', 'mch_00019', '深圳羽毛球馆', '娱乐', 5830, 5, 'wechat_pay', 'paid', '4200182940377268023088769085', '2025-08-13 00:34:59', '2025-08-13 00:34:59'),
('ord_202509302028160002088zn9', 'user_00053', 'mch_00011', '佛山美术班', '教育', 9163, 9, 'wechat_pay', 'paid', '4200758066919154604364305234', '2025-08-05 16:33:13', '2025-08-05 16:33:13'),
('ord_20250930202816000210qtxm', 'user_00053', 'mch_00011', '佛山美术班', '教育', 3037, 3, 'wechat_pay', 'paid', '4200583440265637321487833997', '2025-08-06 22:54:10', '2025-08-06 22:54:10'),
('ord_20250930202816000212jssk', 'user_00053', 'mch_00015', '西安KTV', '娱乐', 1656, 1, 'wechat_pay', 'paid', '4200480496135452106685326220', '2025-08-22 01:13:10', '2025-08-22 01:13:10'),
('ord_20250930202816000214k9lp', 'user_00054', 'mch_00020', '长沙美容院', '娱乐', 2844, 2, 'wechat_pay', 'paid', '4200479893309297810905124163', '2025-09-05 15:39:08', '2025-09-05 15:39:08'),
('ord_20250930202816000216y4vh', 'user_00055', 'mch_00010', '南京花店', '零售', 1800, 1, 'wechat_pay', 'paid', '4200781144499827959840232854', '2025-09-17 15:15:13', '2025-09-17 15:15:13'),
('ord_20250930202816000218ayta', 'user_00055', 'mch_00012', '苏州江南味道', '餐饮', 1300, 0, 'wechat_pay', 'cancelled', NULL, NULL, '2025-08-12 07:08:45'),
('ord_20250930202816000219k8ji', 'user_00055', 'mch_00015', '西安KTV', '娱乐', 632, 0, 'wechat_pay', 'cancelled', NULL, NULL, '2025-08-20 17:30:23'),
('ord_20250930202816000220ch17', 'user_00055', 'mch_00020', '长沙美容院', '娱乐', 544, 0, 'wechat_pay', 'cancelled', NULL, NULL, '2025-09-28 06:30:41'),
('ord_20250930202816000221haig', 'user_00056', 'mch_00002', '长沙诊所', '服务', 1780, 0, 'wechat_pay', 'cancelled', NULL, NULL, '2025-09-11 14:13:33'),
('ord_20250930202816000222bhg3', 'user_00056', 'mch_00003', '上海日式料理', '餐饮', 544, 1, 'wechat_pay', 'paid', '4200240306972515255186526953', '2025-08-24 12:10:43', '2025-08-24 12:10:43'),
('ord_20250930202816000224qqkw', 'user_00056', 'mch_00005', '苏州鞋店', '零售', 1180, 0, 'wechat_pay', 'cancelled', NULL, NULL, '2025-09-26 08:07:21'),
('ord_20250930202816000225uqcc', 'user_00057', 'mch_00016', '北京加油站', '服务', 2393, 2, 'wechat_pay', 'paid', '4200983440993218416880466200', '2025-09-26 10:22:19', '2025-09-26 10:22:19'),
('ord_20250930202816000227pijh', 'user_00057', 'mch_00020', '长沙美容院', '娱乐', 9328, 9, 'wechat_pay', 'paid', '4200249843351317595284162231', '2025-08-11 18:21:16', '2025-08-11 18:21:16'),
('ord_20250930202816000229b8sb', 'user_00057', 'mch_00008', '广州茶餐厅', '餐饮', 4743, 4, 'wechat_pay', 'paid', '4200737644707534405587733717', '2025-08-15 22:27:20', '2025-08-15 22:27:20'),
('ord_2025093020281600023146db', 'user_00058', 'mch_00011', '佛山美术班', '教育', 571, 1, 'wechat_pay', 'paid', '4200690255930857917828361159', '2025-09-04 06:04:11', '2025-09-04 06:04:11'),
('ord_20250930202816000233b4e8', 'user_00058', 'mch_00002', '长沙诊所', '服务', 2722, 2, 'wechat_pay', 'paid', '4200043450013763039817382453', '2025-08-23 15:50:27', '2025-08-23 15:50:27'),
('ord_20250930202816000235gb18', 'user_00058', 'mch_00003', '上海日式料理', '餐饮', 8099, 0, 'wechat_pay', 'cancelled', NULL, NULL, '2025-08-01 06:53:31'),
('ord_202509302028160002367peq', 'user_00059', 'mch_00005', '苏州鞋店', '零售', 774, 1, 'wechat_pay', 'paid', '4200440881313234144854604583', '2025-09-19 11:39:12', '2025-09-19 11:39:12'),
('ord_20250930202816000238b6bs', 'user_00059', 'mch_00010', '南京花店', '零售', 1611, 1, 'wechat_pay', 'paid', '4200945586095577082270007305', '2025-09-25 08:33:47', '2025-09-25 08:33:47'),
('ord_2025093020281600024022e8', 'user_00059', 'mch_00011', '佛山美术班', '教育', 1393, 1, 'wechat_pay', 'paid', '4200406696951428005054404444', '2025-08-05 22:53:52', '2025-08-05 22:53:52'),
('ord_20250930202816000242l63f', 'user_00059', 'mch_00008', '广州茶餐厅', '餐饮', 7937, 0, 'wechat_pay', 'cancelled', NULL, NULL, '2025-09-01 06:09:09'),
('ord_20250930202816000243hg41', 'user_00060', 'mch_00017', '深圳面包房', '零售', 32777, 32, 'wechat_pay', 'paid', '4200874488336482179014342902', '2025-08-03 11:02:29', '2025-08-03 11:02:29'),
('ord_20250930202816000245qde2', 'user_00061', 'mch_00004', '合肥蛋糕店', '零售', 4850, 0, 'wechat_pay', 'cancelled', NULL, NULL, '2025-09-10 01:13:50'),
('ord_20250930202816000246lql2', 'user_00062', 'mch_00012', '苏州江南味道', '餐饮', 2208, 0, 'wechat_pay', 'cancelled', NULL, NULL, '2025-08-23 22:47:54'),
('ord_20250930202816000247a7l6', 'user_00062', 'mch_00015', '西安KTV', '娱乐', 882, 1, 'wechat_pay', 'paid', '4200110107565919099188939316', '2025-08-29 08:16:54', '2025-08-29 08:16:54'),
('ord_202509302028160002493n2c', 'user_00062', 'mch_00008', '广州茶餐厅', '餐饮', 7297, 7, 'wechat_pay', 'paid', '4200847033381755537663498221', '2025-09-18 17:39:07', '2025-09-18 17:39:07'),
('ord_202509302028160002510nfh', 'user_00063', 'mch_00011', '佛山美术班', '教育', 8506, 8, 'wechat_pay', 'paid', '4200563381965615280509431906', '2025-08-20 22:32:37', '2025-08-20 22:32:37'),
('ord_20250930202816000253kia8', 'user_00063', 'mch_00010', '南京花店', '零售', 37531, 37, 'wechat_pay', 'paid', '4200181406889746314392302882', '2025-08-17 12:21:53', '2025-08-17 12:21:53'),
('ord_20250930202816000255te6g', 'user_00064', 'mch_00003', '上海日式料理', '餐饮', 1251, 1, 'wechat_pay', 'paid', '4200947792254963678604100379', '2025-09-22 18:27:46', '2025-09-22 18:27:46'),
('ord_20250930202816000257lkla', 'user_00065', 'mch_00012', '苏州江南味道', '餐饮', 1368, 1, 'wechat_pay', 'paid', '4200376773886411354273173390', '2025-09-08 06:23:30', '2025-09-08 06:23:30'),
('ord_20250930202816000259q9tj', 'user_00066', 'mch_00017', '深圳面包房', '零售', 857, 1, 'wechat_pay', 'paid', '4200346408249656510885751846', '2025-09-05 18:13:58', '2025-09-05 18:13:58'),
('ord_20250930202816000261rfh7', 'user_00066', 'mch_00004', '合肥蛋糕店', '零售', 4787, 4, 'wechat_pay', 'paid', '4200408932105443887088075019', '2025-08-12 21:14:39', '2025-08-12 21:14:39'),
('ord_202509302028160002638bzu', 'user_00066', 'mch_00012', '苏州江南味道', '餐饮', 574, 1, 'wechat_pay', 'paid', '4200750662976772746497172562', '2025-09-13 10:33:03', '2025-09-13 10:33:03'),
('ord_20250930202816000265jsyp', 'user_00066', 'mch_00011', '佛山美术班', '教育', 4005, 4, 'wechat_pay', 'paid', '4200808466231063679558124105', '2025-08-18 09:25:28', '2025-08-18 09:25:28'),
('ord_20250930202816000267yl10', 'user_00067', 'mch_00008', '广州茶餐厅', '餐饮', 924, 1, 'wechat_pay', 'paid', '4200133137154763935083599695', '2025-08-24 23:09:13', '2025-08-24 23:09:13'),
('ord_20250930202816000269np4h', 'user_00067', 'mch_00002', '长沙诊所', '服务', 7069, 0, 'wechat_pay', 'cancelled', NULL, NULL, '2025-09-27 18:25:48'),
('ord_20250930202816000270zddc', 'user_00067', 'mch_00010', '南京花店', '零售', 4819, 4, 'wechat_pay', 'paid', '4200985225879353279930124020', '2025-08-08 10:27:12', '2025-08-08 10:27:12'),
('ord_20250930202816000272sugm', 'user_00067', 'mch_00019', '深圳羽毛球馆', '娱乐', 1441, 1, 'wechat_pay', 'paid', '4200569268639342983401368423', '2025-08-06 19:03:45', '2025-08-06 19:03:45'),
('ord_20250930202816000274rlcw', 'user_00068', 'mch_00019', '深圳羽毛球馆', '娱乐', 4559, 0, 'wechat_pay', 'cancelled', NULL, NULL, '2025-09-15 10:14:31'),
('ord_20250930202816000275uojw', 'user_00068', 'mch_00017', '深圳面包房', '零售', 4285, 0, 'wechat_pay', 'cancelled', NULL, NULL, '2025-09-10 19:10:12'),
('ord_202509302028160002765f3u', 'user_00069', 'mch_00017', '深圳面包房', '零售', 4365, 0, 'wechat_pay', 'cancelled', NULL, NULL, '2025-08-31 20:51:00'),
('ord_20250930202816000277efeu', 'user_00069', 'mch_00013', '合肥水果店', '零售', 3033, 3, 'wechat_pay', 'paid', '4200808753050930215510941148', '2025-09-28 21:45:36', '2025-09-28 21:45:36'),
('ord_20250930202816000279o482', 'user_00069', 'mch_00010', '南京花店', '零售', 6052, 6, 'wechat_pay', 'paid', '4200387966080589016560568773', '2025-08-13 12:20:15', '2025-08-13 12:20:15'),
('ord_20250930202816000281zpzd', 'user_00070', 'mch_00010', '南京花店', '零售', 5490, 5, 'wechat_pay', 'paid', '4200753692223149795280868503', '2025-09-20 03:42:39', '2025-09-20 03:42:39'),
('ord_20250930202816000283u6kn', 'user_00070', 'mch_00011', '佛山美术班', '教育', 2299, 2, 'wechat_pay', 'paid', '4200432327819833074922113425', '2025-08-28 22:53:23', '2025-08-28 22:53:23'),
('ord_20250930202816000285edhh', 'user_00070', 'mch_00017', '深圳面包房', '零售', 505, 0, 'wechat_pay', 'cancelled', NULL, NULL, '2025-08-22 02:27:03'),
('ord_20250930202816000286ss51', 'user_00070', 'mch_00016', '北京加油站', '服务', 1627, 0, 'wechat_pay', 'cancelled', NULL, NULL, '2025-09-12 16:02:27'),
('ord_20250930202816000287mx70', 'user_00071', 'mch_00017', '深圳面包房', '零售', 785, 0, 'wechat_pay', 'cancelled', NULL, NULL, '2025-08-16 06:24:18'),
('ord_20250930202816000288e9iw', 'user_00072', 'mch_00010', '南京花店', '零售', 4855, 0, 'wechat_pay', 'cancelled', NULL, NULL, '2025-08-28 22:39:54'),
('ord_20250930202816000289j1fm', 'user_00072', 'mch_00018', '郑州足浴店', '娱乐', 31174, 31, 'wechat_pay', 'paid', '4200122596019167230358309541', '2025-09-10 06:48:10', '2025-09-10 06:48:10'),
('ord_20250930202816000291kd0p', 'user_00073', 'mch_00005', '苏州鞋店', '零售', 1147, 1, 'wechat_pay', 'paid', '4200540843016146291134735776', '2025-09-05 01:44:33', '2025-09-05 01:44:33'),
('ord_20250930202816000293ggyg', 'user_00073', 'mch_00017', '深圳面包房', '零售', 1071, 1, 'wechat_pay', 'paid', '4200683045238846096603242942', '2025-08-09 19:44:23', '2025-08-09 19:44:23'),
('ord_20250930202816000295zbj7', 'user_00073', 'mch_00018', '郑州足浴店', '娱乐', 819, 1, 'wechat_pay', 'paid', '4200973000028804290894682064', '2025-09-26 20:32:20', '2025-09-26 20:32:20'),
('ord_20250930202816000297w5ru', 'user_00073', 'mch_00013', '合肥水果店', '零售', 7132, 7, 'wechat_pay', 'paid', '4200646044665097238326725388', '2025-09-04 10:16:57', '2025-09-04 10:16:57'),
('ord_20250930202816000299dgoc', 'user_00074', 'mch_00012', '苏州江南味道', '餐饮', 2680, 2, 'wechat_pay', 'paid', '4200029506469948153849132993', '2025-08-01 06:50:06', '2025-08-01 06:50:06'),
('ord_20250930202816000301b4n2', 'user_00074', 'mch_00015', '西安KTV', '娱乐', 976, 1, 'wechat_pay', 'paid', '4200931336259530566315250068', '2025-09-03 13:49:24', '2025-09-03 13:49:24'),
('ord_20250930202816000303csjg', 'user_00074', 'mch_00015', '西安KTV', '娱乐', 948, 1, 'wechat_pay', 'paid', '4200983890852316688085261523', '2025-09-30 14:45:06', '2025-09-30 14:45:06'),
('ord_202509302028160003051tbb', 'user_00075', 'mch_00018', '郑州足浴店', '娱乐', 1468, 1, 'wechat_pay', 'paid', '4200145132925809910085320123', '2025-09-09 14:41:04', '2025-09-09 14:41:04'),
('ord_20250930202816000307qkn2', 'user_00075', 'mch_00003', '上海日式料理', '餐饮', 570, 1, 'wechat_pay', 'paid', '4200110329608823372691816070', '2025-08-13 15:02:41', '2025-08-13 15:02:41'),
('ord_20250930202816000309nwv9', 'user_00075', 'mch_00015', '西安KTV', '娱乐', 2297, 0, 'wechat_pay', 'cancelled', NULL, NULL, '2025-09-21 05:54:50'),
('ord_20250930202816000310urys', 'user_00075', 'mch_00015', '西安KTV', '娱乐', 3750, 0, 'wechat_pay', 'cancelled', NULL, NULL, '2025-09-16 16:52:55'),
('ord_20250930202816000311fcm9', 'user_00076', 'mch_00011', '佛山美术班', '教育', 8615, 8, 'wechat_pay', 'paid', '4200317843577053021886636829', '2025-09-04 00:17:39', '2025-09-04 00:17:39'),
('ord_20250930202816000313alr5', 'user_00077', 'mch_00004', '合肥蛋糕店', '零售', 789, 1, 'wechat_pay', 'paid', '4200495156921902711817449229', '2025-08-30 11:35:34', '2025-08-30 11:35:34'),
('ord_20250930202816000315pjk4', 'user_00078', 'mch_00015', '西安KTV', '娱乐', 2345, 2, 'wechat_pay', 'paid', '4200753548363604435281914200', '2025-09-08 16:34:32', '2025-09-08 16:34:32'),
('ord_20250930202816000317zg3x', 'user_00079', 'mch_00011', '佛山美术班', '教育', 5419, 0, 'wechat_pay', 'cancelled', NULL, NULL, '2025-08-21 07:15:01'),
('ord_20250930202816000318888z', 'user_00079', 'mch_00016', '北京加油站', '服务', 6812, 6, 'wechat_pay', 'paid', '4200149258939899023667905865', '2025-08-24 00:07:40', '2025-08-24 00:07:40'),
('ord_202509302028160003201c52', 'user_00080', 'mch_00003', '上海日式料理', '餐饮', 4124, 4, 'wechat_pay', 'paid', '4200980457178914823483298923', '2025-09-27 01:51:16', '2025-09-27 01:51:16'),
('ord_20250930202816000322i3uz', 'user_00081', 'mch_00020', '长沙美容院', '娱乐', 1565, 1, 'wechat_pay', 'paid', '4200144580945212921840796532', '2025-09-27 08:49:02', '2025-09-27 08:49:02'),
('ord_2025093020281600032463us', 'user_00081', 'mch_00015', '西安KTV', '娱乐', 9180, 9, 'wechat_pay', 'paid', '4200297402623969312287488601', '2025-08-04 23:43:38', '2025-08-04 23:43:38'),
('ord_20250930202816000326vwge', 'user_00082', 'mch_00003', '上海日式料理', '餐饮', 5434, 5, 'wechat_pay', 'paid', '4200784832122257083052567022', '2025-09-30 08:30:36', '2025-09-30 08:30:36'),
('ord_20250930202816000328q3an', 'user_00082', 'mch_00012', '苏州江南味道', '餐饮', 3097, 3, 'wechat_pay', 'paid', '4200287159368473424621711329', '2025-09-03 12:03:10', '2025-09-03 12:03:10'),
('ord_20250930202816000330loso', 'user_00082', 'mch_00019', '深圳羽毛球馆', '娱乐', 8472, 0, 'wechat_pay', 'cancelled', NULL, NULL, '2025-09-29 23:38:43'),
('ord_20250930202816000331wb06', 'user_00083', 'mch_00020', '长沙美容院', '娱乐', 1677, 0, 'wechat_pay', 'cancelled', NULL, NULL, '2025-08-30 00:12:17'),
('ord_202509302028160003328fds', 'user_00083', 'mch_00004', '合肥蛋糕店', '零售', 1774, 1, 'wechat_pay', 'paid', '4200634246670490876500195196', '2025-09-19 21:26:04', '2025-09-19 21:26:04'),
('ord_20250930202816000334xj77', 'user_00084', 'mch_00005', '苏州鞋店', '零售', 4890, 4, 'wechat_pay', 'paid', '4200958023289762084148361686', '2025-09-09 20:10:25', '2025-09-09 20:10:25'),
('ord_2025093020281600033673t2', 'user_00084', 'mch_00013', '合肥水果店', '零售', 6355, 6, 'wechat_pay', 'paid', '4200932875889994097785188040', '2025-08-11 13:27:55', '2025-08-11 13:27:55'),
('ord_20250930202816000338047y', 'user_00085', 'mch_00011', '佛山美术班', '教育', 1596, 1, 'wechat_pay', 'paid', '4200637575692334966154766038', '2025-08-16 09:20:00', '2025-08-16 09:20:00'),
('ord_2025093020281600034023b9', 'user_00085', 'mch_00003', '上海日式料理', '餐饮', 2162, 2, 'wechat_pay', 'paid', '4200181500528501789048366778', '2025-09-04 21:06:03', '2025-09-04 21:06:03'),
('ord_202509302028160003426kmf', 'user_00085', 'mch_00004', '合肥蛋糕店', '零售', 7855, 0, 'wechat_pay', 'cancelled', NULL, NULL, '2025-08-01 13:37:06'),
('ord_20250930202816000343er8b', 'user_00086', 'mch_00015', '西安KTV', '娱乐', 1406, 1, 'wechat_pay', 'paid', '4200645468957104126005599211', '2025-08-10 12:02:19', '2025-08-10 12:02:19'),
('ord_20250930202816000345g5w2', 'user_00086', 'mch_00017', '深圳面包房', '零售', 3634, 3, 'wechat_pay', 'paid', '4200388735753559011619121595', '2025-09-06 04:30:47', '2025-09-06 04:30:47'),
('ord_20250930202816000347vd47', 'user_00086', 'mch_00016', '北京加油站', '服务', 1816, 1, 'wechat_pay', 'paid', '4200582451490790602320384937', '2025-08-08 07:21:08', '2025-08-08 07:21:08'),
('ord_20250930202816000349vzwl', 'user_00087', 'mch_00003', '上海日式料理', '餐饮', 6357, 6, 'wechat_pay', 'paid', '4200890059240342858091675086', '2025-08-17 00:24:15', '2025-08-17 00:24:15'),
('ord_202509302028160003511v4k', 'user_00087', 'mch_00020', '长沙美容院', '娱乐', 6882, 6, 'wechat_pay', 'paid', '4200695830295405846286140939', '2025-08-15 21:21:08', '2025-08-15 21:21:08'),
('ord_20250930202816000353eet8', 'user_00087', 'mch_00019', '深圳羽毛球馆', '娱乐', 1432, 1, 'wechat_pay', 'paid', '4200993829535905938194692891', '2025-08-19 17:09:46', '2025-08-19 17:09:46'),
('ord_20250930202816000355by1z', 'user_00088', 'mch_00010', '南京花店', '零售', 2610, 2, 'wechat_pay', 'paid', '4200101800132859755412431554', '2025-09-30 00:22:42', '2025-09-30 00:22:42'),
('ord_202509302028160003570pak', 'user_00088', 'mch_00005', '苏州鞋店', '零售', 1571, 1, 'wechat_pay', 'paid', '4200299540956307819159624816', '2025-09-19 22:19:43', '2025-09-19 22:19:43'),
('ord_202509302028160003596458', 'user_00089', 'mch_00016', '北京加油站', '服务', 1998, 1, 'wechat_pay', 'paid', '4200513020475281472979903421', '2025-09-24 20:18:57', '2025-09-24 20:18:57'),
('ord_202509302028160003619lt2', 'user_00090', 'mch_00010', '南京花店', '零售', 1430, 1, 'wechat_pay', 'paid', '4200645630664608867666275001', '2025-08-08 18:14:47', '2025-08-08 18:14:47'),
('ord_20250930202816000363kqhm', 'user_00090', 'mch_00002', '长沙诊所', '服务', 1343, 1, 'wechat_pay', 'paid', '4200600559885752309916413450', '2025-08-10 12:18:02', '2025-08-10 12:18:02'),
('ord_20250930202816000365rwu7', 'user_00090', 'mch_00011', '佛山美术班', '教育', 2313, 2, 'wechat_pay', 'paid', '4200322482274435360338021550', '2025-08-26 19:22:06', '2025-08-26 19:22:06'),
('ord_202509302028160003677lnu', 'user_00090', 'mch_00012', '苏州江南味道', '餐饮', 6903, 0, 'wechat_pay', 'cancelled', NULL, NULL, '2025-09-22 04:46:11'),
('ord_20250930202816000368j232', 'user_00091', 'mch_00010', '南京花店', '零售', 1446, 1, 'wechat_pay', 'paid', '4200864557294068027707125288', '2025-08-15 22:46:32', '2025-08-15 22:46:32'),
('ord_20250930202816000370xtds', 'user_00092', 'mch_00004', '合肥蛋糕店', '零售', 1287, 1, 'wechat_pay', 'paid', '4200600486187854518368229874', '2025-09-29 01:02:43', '2025-09-29 01:02:43'),
('ord_20250930202816000372cuhs', 'user_00092', 'mch_00004', '合肥蛋糕店', '零售', 6989, 6, 'wechat_pay', 'paid', '4200224612897454265244092254', '2025-09-23 23:05:25', '2025-09-23 23:05:25'),
('ord_20250930202816000374xb5y', 'user_00093', 'mch_00008', '广州茶餐厅', '餐饮', 785, 1, 'wechat_pay', 'paid', '4200541505237092161092150887', '2025-09-15 11:56:21', '2025-09-15 11:56:21'),
('ord_20250930202816000376baxq', 'user_00093', 'mch_00002', '长沙诊所', '服务', 3112, 3, 'wechat_pay', 'paid', '4200379534127659743947909880', '2025-09-16 16:57:04', '2025-09-16 16:57:04'),
('ord_20250930202816000378afrn', 'user_00093', 'mch_00016', '北京加油站', '服务', 1236, 1, 'wechat_pay', 'paid', '4200546311577346089539169926', '2025-08-05 07:11:38', '2025-08-05 07:11:38'),
('ord_2025093020281600038022y7', 'user_00094', 'mch_00003', '上海日式料理', '餐饮', 635, 1, 'wechat_pay', 'paid', '4200743287257070876960306360', '2025-08-22 07:57:56', '2025-08-22 07:57:56'),
('ord_20250930202816000382zvgc', 'user_00095', 'mch_00008', '广州茶餐厅', '餐饮', 19246, 19, 'wechat_pay', 'paid', '4200667593694208603333797909', '2025-08-23 14:49:03', '2025-08-23 14:49:03'),
('ord_20250930202816000384bkd0', 'user_00096', 'mch_00016', '北京加油站', '服务', 998, 1, 'wechat_pay', 'paid', '4200825727206802979235355187', '2025-09-05 13:47:17', '2025-09-05 13:47:17'),
('ord_20250930202816000386x9js', 'user_00096', 'mch_00018', '郑州足浴店', '娱乐', 634, 1, 'wechat_pay', 'paid', '4200293828990046438331483143', '2025-09-08 12:18:34', '2025-09-08 12:18:34'),
('ord_202509302028160003884vrs', 'user_00096', 'mch_00015', '西安KTV', '娱乐', 806, 1, 'wechat_pay', 'paid', '4200880259000606304388387063', '2025-08-10 23:45:12', '2025-08-10 23:45:12'),
('ord_20250930202816000390t3pb', 'user_00097', 'mch_00004', '合肥蛋糕店', '零售', 6108, 6, 'wechat_pay', 'paid', '4200663321896259813489253720', '2025-09-25 11:24:09', '2025-09-25 11:24:09'),
('ord_20250930202816000392umc6', 'user_00097', 'mch_00020', '长沙美容院', '娱乐', 912, 1, 'wechat_pay', 'paid', '4200459998054642429766936128', '2025-08-31 14:10:50', '2025-08-31 14:10:50'),
('ord_202509302028160003943blt', 'user_00098', 'mch_00020', '长沙美容院', '娱乐', 1389, 1, 'wechat_pay', 'paid', '4200605099693467332620396607', '2025-08-19 03:50:55', '2025-08-19 03:50:55'),
('ord_20250930202816000396bs8s', 'user_00098', 'mch_00019', '深圳羽毛球馆', '娱乐', 3525, 3, 'wechat_pay', 'paid', '4200686993281912415386545368', '2025-08-10 01:52:53', '2025-08-10 01:52:53'),
('ord_202509302028160003981k1d', 'user_00098', 'mch_00002', '长沙诊所', '服务', 1082, 1, 'wechat_pay', 'paid', '4200008338622011875169233279', '2025-08-13 01:34:21', '2025-08-13 01:34:21'),
('ord_20250930202816000400ziko', 'user_00099', 'mch_00020', '长沙美容院', '娱乐', 1573, 0, 'wechat_pay', 'cancelled', NULL, NULL, '2025-08-19 19:13:28'),
('ord_20250930202816000401j1i0', 'user_00099', 'mch_00002', '长沙诊所', '服务', 2057, 2, 'wechat_pay', 'paid', '4200061332110797917544617084', '2025-08-24 17:34:06', '2025-08-24 17:34:06'),
('ord_20250930202816000403yuii', 'user_00099', 'mch_00017', '深圳面包房', '零售', 7488, 7, 'wechat_pay', 'paid', '4200565363387154021489826114', '2025-08-30 06:38:18', '2025-08-30 06:38:18'),
('ord_20250930202816000405tpp7', 'user_00099', 'mch_00012', '苏州江南味道', '餐饮', 1129, 1, 'wechat_pay', 'paid', '4200760596550375472778939358', '2025-09-19 06:20:31', '2025-09-19 06:20:31'),
('ord_20250930202816000407kaz1', 'user_00100', 'mch_00017', '深圳面包房', '零售', 933, 1, 'wechat_pay', 'paid', '4200334676689023685602191814', '2025-09-18 22:22:41', '2025-09-18 22:22:41');

-- 插入 175 条积分记录
INSERT INTO points_records (id, user_id, points_change, record_type, related_order_id, merchant_id, merchant_name, description, created_at) VALUES
('pts_20250930202816000002m0dl', 'user_00001', 1, 'payment_reward', 'ord_202509302028160000015r0s', 'mch_00011', '佛山美术班', '支付¥10.37获得1积分', '2025-09-29 01:11:48'),
('pts_2025093020281600000465yz', 'user_00001', 18, 'payment_reward', 'ord_20250930202816000003nrim', 'mch_00008', '广州茶餐厅', '支付¥188.87获得18积分', '2025-08-31 21:32:51'),
('pts_20250930202816000006aa7h', 'user_00002', 2, 'payment_reward', 'ord_20250930202816000005reqa', 'mch_00015', '西安KTV', '支付¥24.60获得2积分', '2025-09-23 10:36:48'),
('pts_20250930202816000009akws', 'user_00002', 1, 'payment_reward', 'ord_20250930202816000008fry7', 'mch_00017', '深圳面包房', '支付¥10.63获得1积分', '2025-08-26 18:16:06'),
('pts_20250930202816000011am7s', 'user_00003', 2, 'payment_reward', 'ord_20250930202816000010rqbj', 'mch_00018', '郑州足浴店', '支付¥29.28获得2积分', '2025-08-07 07:28:48'),
('pts_20250930202816000013zhof', 'user_00003', 1, 'payment_reward', 'ord_2025093020281600001285z0', 'mch_00010', '南京花店', '支付¥11.40获得1积分', '2025-08-22 19:20:42'),
('pts_20250930202816000017c1mr', 'user_00004', 7, 'payment_reward', 'ord_20250930202816000016dy3w', 'mch_00015', '西安KTV', '支付¥70.25获得7积分', '2025-09-18 00:05:46'),
('pts_20250930202816000019usb5', 'user_00005', 1, 'payment_reward', 'ord_20250930202816000018w82h', 'mch_00004', '合肥蛋糕店', '支付¥7.23获得1积分', '2025-09-25 12:48:19'),
('pts_20250930202816000021vqcs', 'user_00005', 6, 'payment_reward', 'ord_20250930202816000020s0sb', 'mch_00003', '上海日式料理', '支付¥68.24获得6积分', '2025-08-23 17:08:25'),
('pts_202509302028160000237xiv', 'user_00006', 5, 'payment_reward', 'ord_202509302028160000221khh', 'mch_00018', '郑州足浴店', '支付¥50.53获得5积分', '2025-09-11 20:57:25'),
('pts_2025093020281600002549vc', 'user_00006', 1, 'payment_reward', 'ord_202509302028160000244542', 'mch_00011', '佛山美术班', '支付¥13.27获得1积分', '2025-09-13 03:40:51'),
('pts_202509302028160000282rs9', 'user_00008', 9, 'payment_reward', 'ord_20250930202816000027aolq', 'mch_00013', '合肥水果店', '支付¥93.92获得9积分', '2025-08-04 11:05:39'),
('pts_20250930202816000030z8xp', 'user_00008', 7, 'payment_reward', 'ord_20250930202816000029tok5', 'mch_00017', '深圳面包房', '支付¥72.70获得7积分', '2025-08-22 04:06:33'),
('pts_202509302028160000321ph8', 'user_00009', 3, 'payment_reward', 'ord_20250930202816000031obxf', 'mch_00004', '合肥蛋糕店', '支付¥38.42获得3积分', '2025-09-02 13:15:21'),
('pts_20250930202816000034g0sh', 'user_00009', 1, 'payment_reward', 'ord_202509302028160000333tfy', 'mch_00018', '郑州足浴店', '支付¥19.40获得1积分', '2025-09-14 15:39:56'),
('pts_20250930202816000036gtvi', 'user_00009', 7, 'payment_reward', 'ord_20250930202816000035k3dd', 'mch_00019', '深圳羽毛球馆', '支付¥72.58获得7积分', '2025-09-01 12:53:27'),
('pts_20250930202816000038u2c3', 'user_00009', 1, 'payment_reward', 'ord_20250930202816000037f3uy', 'mch_00003', '上海日式料理', '支付¥18.99获得1积分', '2025-08-08 17:09:22'),
('pts_20250930202816000040y9z0', 'user_00010', 1, 'payment_reward', 'ord_20250930202816000039ky8j', 'mch_00004', '合肥蛋糕店', '支付¥19.48获得1积分', '2025-08-03 10:24:55'),
('pts_20250930202816000042c6mn', 'user_00011', 5, 'payment_reward', 'ord_20250930202816000041hp1z', 'mch_00016', '北京加油站', '支付¥50.65获得5积分', '2025-08-03 06:02:18'),
('pts_20250930202816000044b75b', 'user_00011', 5, 'payment_reward', 'ord_202509302028160000439vgt', 'mch_00003', '上海日式料理', '支付¥54.82获得5积分', '2025-08-19 04:25:02'),
('pts_20250930202816000046ioq4', 'user_00012', 9, 'payment_reward', 'ord_20250930202816000045lqbv', 'mch_00017', '深圳面包房', '支付¥90.84获得9积分', '2025-09-09 18:53:09'),
('pts_20250930202816000048m2q3', 'user_00012', 1, 'payment_reward', 'ord_20250930202816000047g41c', 'mch_00020', '长沙美容院', '支付¥14.76获得1积分', '2025-09-26 04:20:58'),
('pts_202509302028160000503ish', 'user_00012', 1, 'payment_reward', 'ord_202509302028160000499jk8', 'mch_00011', '佛山美术班', '支付¥10.73获得1积分', '2025-08-14 16:38:35'),
('pts_20250930202816000052h4rz', 'user_00012', 1, 'payment_reward', 'ord_202509302028160000519wwh', 'mch_00002', '长沙诊所', '支付¥8.32获得1积分', '2025-08-26 06:22:46'),
('pts_202509302028160000546xbl', 'user_00013', 3, 'payment_reward', 'ord_202509302028160000531tc3', 'mch_00013', '合肥水果店', '支付¥38.25获得3积分', '2025-09-14 15:23:53'),
('pts_202509302028160000570ohu', 'user_00015', 1, 'payment_reward', 'ord_20250930202816000056bsgj', 'mch_00005', '苏州鞋店', '支付¥18.34获得1积分', '2025-08-03 15:23:49'),
('pts_20250930202816000060sdtz', 'user_00016', 2, 'payment_reward', 'ord_20250930202816000059irct', 'mch_00004', '合肥蛋糕店', '支付¥21.06获得2积分', '2025-08-22 21:54:23'),
('pts_20250930202816000063re6e', 'user_00017', 6, 'payment_reward', 'ord_20250930202816000062uvpb', 'mch_00015', '西安KTV', '支付¥65.88获得6积分', '2025-08-20 12:07:02'),
('pts_20250930202816000065mv89', 'user_00017', 3, 'payment_reward', 'ord_20250930202816000064owg3', 'mch_00015', '西安KTV', '支付¥33.49获得3积分', '2025-08-07 09:11:13'),
('pts_20250930202816000067frr1', 'user_00018', 1, 'payment_reward', 'ord_20250930202816000066nzxo', 'mch_00010', '南京花店', '支付¥10.60获得1积分', '2025-08-15 04:59:40'),
('pts_20250930202816000069o3ed', 'user_00019', 1, 'payment_reward', 'ord_20250930202816000068kotf', 'mch_00011', '佛山美术班', '支付¥15.71获得1积分', '2025-09-11 13:53:55'),
('pts_20250930202816000071n1ud', 'user_00019', 2, 'payment_reward', 'ord_20250930202816000070711n', 'mch_00013', '合肥水果店', '支付¥26.12获得2积分', '2025-08-01 06:42:23'),
('pts_20250930202816000075ndua', 'user_00020', 1, 'payment_reward', 'ord_20250930202816000074wyfs', 'mch_00002', '长沙诊所', '支付¥19.17获得1积分', '2025-08-29 03:23:09'),
('pts_20250930202816000078yi9z', 'user_00020', 6, 'payment_reward', 'ord_202509302028160000772uyr', 'mch_00005', '苏州鞋店', '支付¥62.47获得6积分', '2025-08-07 11:42:44'),
('pts_20250930202816000080x7zq', 'user_00021', 2, 'payment_reward', 'ord_20250930202816000079dumt', 'mch_00002', '长沙诊所', '支付¥26.25获得2积分', '2025-09-25 17:59:29'),
('pts_20250930202816000084ufrs', 'user_00022', 3, 'payment_reward', 'ord_2025093020281600008338xu', 'mch_00003', '上海日式料理', '支付¥37.78获得3积分', '2025-08-21 19:31:34'),
('pts_202509302028160000869d8a', 'user_00022', 5, 'payment_reward', 'ord_20250930202816000085zgi2', 'mch_00018', '郑州足浴店', '支付¥53.65获得5积分', '2025-08-18 17:49:33'),
('pts_20250930202816000088e9gr', 'user_00023', 3, 'payment_reward', 'ord_20250930202816000087kb9y', 'mch_00008', '广州茶餐厅', '支付¥39.54获得3积分', '2025-08-20 23:21:42'),
('pts_20250930202816000090vnnq', 'user_00023', 4, 'payment_reward', 'ord_20250930202816000089epgk', 'mch_00013', '合肥水果店', '支付¥47.46获得4积分', '2025-08-09 12:24:04'),
('pts_20250930202816000092af3r', 'user_00023', 1, 'payment_reward', 'ord_20250930202816000091o2ve', 'mch_00005', '苏州鞋店', '支付¥18.67获得1积分', '2025-08-08 09:07:30'),
('pts_20250930202816000094m9xg', 'user_00024', 3, 'payment_reward', 'ord_2025093020281600009380rs', 'mch_00015', '西安KTV', '支付¥35.37获得3积分', '2025-09-01 03:20:59'),
('pts_20250930202816000096a7oh', 'user_00024', 1, 'payment_reward', 'ord_20250930202816000095rnc5', 'mch_00004', '合肥蛋糕店', '支付¥16.04获得1积分', '2025-08-18 21:31:05'),
('pts_20250930202816000098cnh1', 'user_00024', 1, 'payment_reward', 'ord_202509302028160000970bd9', 'mch_00020', '长沙美容院', '支付¥8.40获得1积分', '2025-08-24 16:17:09'),
('pts_20250930202816000101lgna', 'user_00026', 3, 'payment_reward', 'ord_202509302028160001003as9', 'mch_00020', '长沙美容院', '支付¥30.50获得3积分', '2025-09-19 01:28:45'),
('pts_202509302028160001038x7d', 'user_00026', 1, 'payment_reward', 'ord_20250930202816000102g1m6', 'mch_00018', '郑州足浴店', '支付¥18.73获得1积分', '2025-08-04 03:22:17'),
('pts_2025093020281600010684nk', 'user_00026', 4, 'payment_reward', 'ord_20250930202816000105h8qe', 'mch_00018', '郑州足浴店', '支付¥49.16获得4积分', '2025-08-28 03:36:14'),
('pts_20250930202816000108hytz', 'user_00027', 19, 'payment_reward', 'ord_20250930202816000107suya', 'mch_00017', '深圳面包房', '支付¥198.06获得19积分', '2025-09-29 23:28:38'),
('pts_20250930202816000111pjpg', 'user_00027', 1, 'payment_reward', 'ord_20250930202816000110b351', 'mch_00003', '上海日式料理', '支付¥17.27获得1积分', '2025-08-22 09:58:40'),
('pts_20250930202816000113sj8b', 'user_00028', 1, 'payment_reward', 'ord_20250930202816000112mqu8', 'mch_00017', '深圳面包房', '支付¥19.98获得1积分', '2025-08-28 19:15:42'),
('pts_202509302028160001161w87', 'user_00028', 1, 'payment_reward', 'ord_20250930202816000115vpc0', 'mch_00018', '郑州足浴店', '支付¥6.38获得1积分', '2025-08-20 20:08:37'),
('pts_20250930202816000118ezb8', 'user_00028', 1, 'payment_reward', 'ord_20250930202816000117sufs', 'mch_00012', '苏州江南味道', '支付¥12.61获得1积分', '2025-08-30 21:36:06'),
('pts_202509302028160001202evd', 'user_00029', 3, 'payment_reward', 'ord_20250930202816000119r87z', 'mch_00020', '长沙美容院', '支付¥30.71获得3积分', '2025-08-19 16:52:26'),
('pts_20250930202816000122aclm', 'user_00029', 1, 'payment_reward', 'ord_20250930202816000121rswm', 'mch_00015', '西安KTV', '支付¥6.09获得1积分', '2025-08-07 08:25:04'),
('pts_20250930202816000126iqim', 'user_00030', 3, 'payment_reward', 'ord_20250930202816000125n1br', 'mch_00010', '南京花店', '支付¥34.66获得3积分', '2025-08-28 11:47:58'),
('pts_20250930202816000128wl8u', 'user_00030', 1, 'payment_reward', 'ord_20250930202816000127fdq4', 'mch_00010', '南京花店', '支付¥10.53获得1积分', '2025-08-12 14:18:38'),
('pts_202509302028160001311vl5', 'user_00031', 4, 'payment_reward', 'ord_20250930202816000130ire9', 'mch_00003', '上海日式料理', '支付¥43.71获得4积分', '2025-09-05 10:21:12'),
('pts_20250930202816000134kgcy', 'user_00031', 2, 'payment_reward', 'ord_20250930202816000133i8zy', 'mch_00005', '苏州鞋店', '支付¥27.38获得2积分', '2025-08-26 11:53:11'),
('pts_20250930202816000136spd2', 'user_00032', 1, 'payment_reward', 'ord_20250930202816000135x0ig', 'mch_00003', '上海日式料理', '支付¥10.64获得1积分', '2025-09-25 13:28:16'),
('pts_20250930202816000139y8dq', 'user_00033', 3, 'payment_reward', 'ord_20250930202816000138pdli', 'mch_00015', '西安KTV', '支付¥38.83获得3积分', '2025-08-05 11:46:07'),
('pts_20250930202816000141xra7', 'user_00033', 1, 'payment_reward', 'ord_20250930202816000140du1z', 'mch_00013', '合肥水果店', '支付¥18.72获得1积分', '2025-09-10 01:25:42'),
('pts_20250930202816000143cu1m', 'user_00033', 1, 'payment_reward', 'ord_20250930202816000142dglz', 'mch_00010', '南京花店', '支付¥17.82获得1积分', '2025-08-25 21:14:53'),
('pts_202509302028160001478xd7', 'user_00034', 3, 'payment_reward', 'ord_20250930202816000146agja', 'mch_00016', '北京加油站', '支付¥31.33获得3积分', '2025-09-26 03:06:41'),
('pts_20250930202816000149demk', 'user_00035', 1, 'payment_reward', 'ord_20250930202816000148t47h', 'mch_00005', '苏州鞋店', '支付¥7.94获得1积分', '2025-09-01 16:18:29'),
('pts_20250930202816000151syb5', 'user_00035', 3, 'payment_reward', 'ord_20250930202816000150z51w', 'mch_00013', '合肥水果店', '支付¥35.27获得3积分', '2025-09-17 03:26:33'),
('pts_20250930202816000153i9y4', 'user_00035', 3, 'payment_reward', 'ord_20250930202816000152d94c', 'mch_00013', '合肥水果店', '支付¥39.09获得3积分', '2025-08-12 07:27:41'),
('pts_20250930202816000155zfga', 'user_00036', 7, 'payment_reward', 'ord_20250930202816000154cnys', 'mch_00005', '苏州鞋店', '支付¥76.01获得7积分', '2025-09-04 21:06:57'),
('pts_2025093020281600015751qb', 'user_00037', 2, 'payment_reward', 'ord_202509302028160001560rt0', 'mch_00013', '合肥水果店', '支付¥25.77获得2积分', '2025-09-30 18:27:20'),
('pts_20250930202816000159zp5l', 'user_00038', 4, 'payment_reward', 'ord_20250930202816000158ytmv', 'mch_00019', '深圳羽毛球馆', '支付¥48.85获得4积分', '2025-09-10 12:11:51'),
('pts_20250930202816000161gdr1', 'user_00038', 1, 'payment_reward', 'ord_20250930202816000160bvdd', 'mch_00018', '郑州足浴店', '支付¥18.43获得1积分', '2025-09-25 04:53:41'),
('pts_20250930202816000166w23s', 'user_00039', 7, 'payment_reward', 'ord_202509302028160001653w9y', 'mch_00003', '上海日式料理', '支付¥77.51获得7积分', '2025-08-12 01:44:54'),
('pts_202509302028160001687mvc', 'user_00040', 49, 'payment_reward', 'ord_202509302028160001670e4n', 'mch_00008', '广州茶餐厅', '支付¥497.02获得49积分', '2025-09-23 04:46:30'),
('pts_20250930202816000170cky2', 'user_00041', 1, 'payment_reward', 'ord_20250930202816000169dmjo', 'mch_00013', '合肥水果店', '支付¥15.95获得1积分', '2025-09-11 04:16:46'),
('pts_202509302028160001730g7f', 'user_00042', 2, 'payment_reward', 'ord_202509302028160001723g9l', 'mch_00008', '广州茶餐厅', '支付¥26.23获得2积分', '2025-09-15 21:52:19'),
('pts_20250930202816000176rs80', 'user_00044', 4, 'payment_reward', 'ord_20250930202816000175pbjd', 'mch_00016', '北京加油站', '支付¥44.36获得4积分', '2025-08-04 13:49:19'),
('pts_20250930202816000178atie', 'user_00045', 2, 'payment_reward', 'ord_20250930202816000177xnni', 'mch_00012', '苏州江南味道', '支付¥27.00获得2积分', '2025-09-03 10:06:43'),
('pts_20250930202816000180s5tk', 'user_00045', 3, 'payment_reward', 'ord_20250930202816000179lxt5', 'mch_00004', '合肥蛋糕店', '支付¥31.08获得3积分', '2025-09-06 21:39:26'),
('pts_20250930202816000182qqf8', 'user_00046', 2, 'payment_reward', 'ord_2025093020281600018147i8', 'mch_00004', '合肥蛋糕店', '支付¥29.81获得2积分', '2025-09-20 11:36:16'),
('pts_20250930202816000184jk3p', 'user_00046', 1, 'payment_reward', 'ord_20250930202816000183cnuu', 'mch_00015', '西安KTV', '支付¥6.30获得1积分', '2025-09-19 11:34:24'),
('pts_20250930202816000188nzhw', 'user_00047', 3, 'payment_reward', 'ord_20250930202816000187iv0g', 'mch_00015', '西安KTV', '支付¥35.10获得3积分', '2025-09-21 06:33:43'),
('pts_20250930202816000191at1l', 'user_00049', 5, 'payment_reward', 'ord_202509302028160001901w0g', 'mch_00020', '长沙美容院', '支付¥55.70获得5积分', '2025-08-22 21:25:09'),
('pts_20250930202816000193py2v', 'user_00049', 9, 'payment_reward', 'ord_20250930202816000192ls1f', 'mch_00005', '苏州鞋店', '支付¥96.70获得9积分', '2025-09-13 22:07:11'),
('pts_20250930202816000195hn9l', 'user_00049', 9, 'payment_reward', 'ord_2025093020281600019416ph', 'mch_00003', '上海日式料理', '支付¥93.80获得9积分', '2025-08-27 14:43:45'),
('pts_20250930202816000197kckl', 'user_00050', 1, 'payment_reward', 'ord_20250930202816000196p7vy', 'mch_00004', '合肥蛋糕店', '支付¥9.84获得1积分', '2025-08-07 09:48:34'),
('pts_20250930202816000199rh9y', 'user_00050', 4, 'payment_reward', 'ord_20250930202816000198q2l4', 'mch_00020', '长沙美容院', '支付¥48.77获得4积分', '2025-09-06 23:09:37'),
('pts_20250930202816000203xino', 'user_00052', 3, 'payment_reward', 'ord_20250930202816000202svio', 'mch_00011', '佛山美术班', '支付¥30.23获得3积分', '2025-09-07 01:47:08'),
('pts_20250930202816000205ymud', 'user_00052', 1, 'payment_reward', 'ord_20250930202816000204sr18', 'mch_00020', '长沙美容院', '支付¥18.19获得1积分', '2025-09-04 17:22:50'),
('pts_20250930202816000207rq69', 'user_00053', 5, 'payment_reward', 'ord_20250930202816000206nb9a', 'mch_00019', '深圳羽毛球馆', '支付¥58.30获得5积分', '2025-08-13 00:34:59'),
('pts_20250930202816000209ubsq', 'user_00053', 9, 'payment_reward', 'ord_202509302028160002088zn9', 'mch_00011', '佛山美术班', '支付¥91.63获得9积分', '2025-08-05 16:33:13'),
('pts_20250930202816000211g4u6', 'user_00053', 3, 'payment_reward', 'ord_20250930202816000210qtxm', 'mch_00011', '佛山美术班', '支付¥30.37获得3积分', '2025-08-06 22:54:10'),
('pts_20250930202816000213jotx', 'user_00053', 1, 'payment_reward', 'ord_20250930202816000212jssk', 'mch_00015', '西安KTV', '支付¥16.56获得1积分', '2025-08-22 01:13:10'),
('pts_20250930202816000215lzyk', 'user_00054', 2, 'payment_reward', 'ord_20250930202816000214k9lp', 'mch_00020', '长沙美容院', '支付¥28.44获得2积分', '2025-09-05 15:39:08'),
('pts_20250930202816000217fiu2', 'user_00055', 1, 'payment_reward', 'ord_20250930202816000216y4vh', 'mch_00010', '南京花店', '支付¥18.00获得1积分', '2025-09-17 15:15:13'),
('pts_202509302028160002233qp1', 'user_00056', 1, 'payment_reward', 'ord_20250930202816000222bhg3', 'mch_00003', '上海日式料理', '支付¥5.44获得1积分', '2025-08-24 12:10:43'),
('pts_202509302028160002266h1y', 'user_00057', 2, 'payment_reward', 'ord_20250930202816000225uqcc', 'mch_00016', '北京加油站', '支付¥23.93获得2积分', '2025-09-26 10:22:19'),
('pts_202509302028160002283fce', 'user_00057', 9, 'payment_reward', 'ord_20250930202816000227pijh', 'mch_00020', '长沙美容院', '支付¥93.28获得9积分', '2025-08-11 18:21:16'),
('pts_20250930202816000230nwze', 'user_00057', 4, 'payment_reward', 'ord_20250930202816000229b8sb', 'mch_00008', '广州茶餐厅', '支付¥47.43获得4积分', '2025-08-15 22:27:20'),
('pts_20250930202816000232qi0h', 'user_00058', 1, 'payment_reward', 'ord_2025093020281600023146db', 'mch_00011', '佛山美术班', '支付¥5.71获得1积分', '2025-09-04 06:04:11'),
('pts_202509302028160002343d3e', 'user_00058', 2, 'payment_reward', 'ord_20250930202816000233b4e8', 'mch_00002', '长沙诊所', '支付¥27.22获得2积分', '2025-08-23 15:50:27'),
('pts_202509302028160002379zu2', 'user_00059', 1, 'payment_reward', 'ord_202509302028160002367peq', 'mch_00005', '苏州鞋店', '支付¥7.74获得1积分', '2025-09-19 11:39:12'),
('pts_202509302028160002398fk7', 'user_00059', 1, 'payment_reward', 'ord_20250930202816000238b6bs', 'mch_00010', '南京花店', '支付¥16.11获得1积分', '2025-09-25 08:33:47'),
('pts_20250930202816000241c942', 'user_00059', 1, 'payment_reward', 'ord_2025093020281600024022e8', 'mch_00011', '佛山美术班', '支付¥13.93获得1积分', '2025-08-05 22:53:52'),
('pts_202509302028160002447sa1', 'user_00060', 32, 'payment_reward', 'ord_20250930202816000243hg41', 'mch_00017', '深圳面包房', '支付¥327.77获得32积分', '2025-08-03 11:02:29'),
('pts_2025093020281600024859un', 'user_00062', 1, 'payment_reward', 'ord_20250930202816000247a7l6', 'mch_00015', '西安KTV', '支付¥8.82获得1积分', '2025-08-29 08:16:54'),
('pts_20250930202816000250khrs', 'user_00062', 7, 'payment_reward', 'ord_202509302028160002493n2c', 'mch_00008', '广州茶餐厅', '支付¥72.97获得7积分', '2025-09-18 17:39:07'),
('pts_20250930202816000252f416', 'user_00063', 8, 'payment_reward', 'ord_202509302028160002510nfh', 'mch_00011', '佛山美术班', '支付¥85.06获得8积分', '2025-08-20 22:32:37'),
('pts_20250930202816000254zoa8', 'user_00063', 37, 'payment_reward', 'ord_20250930202816000253kia8', 'mch_00010', '南京花店', '支付¥375.31获得37积分', '2025-08-17 12:21:53'),
('pts_20250930202816000256rfnc', 'user_00064', 1, 'payment_reward', 'ord_20250930202816000255te6g', 'mch_00003', '上海日式料理', '支付¥12.51获得1积分', '2025-09-22 18:27:46'),
('pts_20250930202816000258iqva', 'user_00065', 1, 'payment_reward', 'ord_20250930202816000257lkla', 'mch_00012', '苏州江南味道', '支付¥13.68获得1积分', '2025-09-08 06:23:30'),
('pts_20250930202816000260lgp2', 'user_00066', 1, 'payment_reward', 'ord_20250930202816000259q9tj', 'mch_00017', '深圳面包房', '支付¥8.57获得1积分', '2025-09-05 18:13:58'),
('pts_20250930202816000262epcz', 'user_00066', 4, 'payment_reward', 'ord_20250930202816000261rfh7', 'mch_00004', '合肥蛋糕店', '支付¥47.87获得4积分', '2025-08-12 21:14:39'),
('pts_20250930202816000264vav1', 'user_00066', 1, 'payment_reward', 'ord_202509302028160002638bzu', 'mch_00012', '苏州江南味道', '支付¥5.74获得1积分', '2025-09-13 10:33:03'),
('pts_20250930202816000266cc0a', 'user_00066', 4, 'payment_reward', 'ord_20250930202816000265jsyp', 'mch_00011', '佛山美术班', '支付¥40.05获得4积分', '2025-08-18 09:25:28'),
('pts_20250930202816000268jreq', 'user_00067', 1, 'payment_reward', 'ord_20250930202816000267yl10', 'mch_00008', '广州茶餐厅', '支付¥9.24获得1积分', '2025-08-24 23:09:13'),
('pts_202509302028160002716st0', 'user_00067', 4, 'payment_reward', 'ord_20250930202816000270zddc', 'mch_00010', '南京花店', '支付¥48.19获得4积分', '2025-08-08 10:27:12'),
('pts_20250930202816000273knzu', 'user_00067', 1, 'payment_reward', 'ord_20250930202816000272sugm', 'mch_00019', '深圳羽毛球馆', '支付¥14.41获得1积分', '2025-08-06 19:03:45'),
('pts_202509302028160002789hiy', 'user_00069', 3, 'payment_reward', 'ord_20250930202816000277efeu', 'mch_00013', '合肥水果店', '支付¥30.33获得3积分', '2025-09-28 21:45:36'),
('pts_20250930202816000280jz0e', 'user_00069', 6, 'payment_reward', 'ord_20250930202816000279o482', 'mch_00010', '南京花店', '支付¥60.52获得6积分', '2025-08-13 12:20:15'),
('pts_20250930202816000282ashb', 'user_00070', 5, 'payment_reward', 'ord_20250930202816000281zpzd', 'mch_00010', '南京花店', '支付¥54.90获得5积分', '2025-09-20 03:42:39'),
('pts_20250930202816000284f4fm', 'user_00070', 2, 'payment_reward', 'ord_20250930202816000283u6kn', 'mch_00011', '佛山美术班', '支付¥22.99获得2积分', '2025-08-28 22:53:23'),
('pts_20250930202816000290zrvz', 'user_00072', 31, 'payment_reward', 'ord_20250930202816000289j1fm', 'mch_00018', '郑州足浴店', '支付¥311.74获得31积分', '2025-09-10 06:48:10'),
('pts_20250930202816000292jp9n', 'user_00073', 1, 'payment_reward', 'ord_20250930202816000291kd0p', 'mch_00005', '苏州鞋店', '支付¥11.47获得1积分', '2025-09-05 01:44:33'),
('pts_20250930202816000294y47o', 'user_00073', 1, 'payment_reward', 'ord_20250930202816000293ggyg', 'mch_00017', '深圳面包房', '支付¥10.71获得1积分', '2025-08-09 19:44:23'),
('pts_202509302028160002965jo0', 'user_00073', 1, 'payment_reward', 'ord_20250930202816000295zbj7', 'mch_00018', '郑州足浴店', '支付¥8.19获得1积分', '2025-09-26 20:32:20'),
('pts_20250930202816000298ic2z', 'user_00073', 7, 'payment_reward', 'ord_20250930202816000297w5ru', 'mch_00013', '合肥水果店', '支付¥71.32获得7积分', '2025-09-04 10:16:57'),
('pts_20250930202816000300jqeo', 'user_00074', 2, 'payment_reward', 'ord_20250930202816000299dgoc', 'mch_00012', '苏州江南味道', '支付¥26.80获得2积分', '2025-08-01 06:50:06'),
('pts_20250930202816000302se0k', 'user_00074', 1, 'payment_reward', 'ord_20250930202816000301b4n2', 'mch_00015', '西安KTV', '支付¥9.76获得1积分', '2025-09-03 13:49:24'),
('pts_20250930202816000304nv53', 'user_00074', 1, 'payment_reward', 'ord_20250930202816000303csjg', 'mch_00015', '西安KTV', '支付¥9.48获得1积分', '2025-09-30 14:45:06'),
('pts_20250930202816000306fy0i', 'user_00075', 1, 'payment_reward', 'ord_202509302028160003051tbb', 'mch_00018', '郑州足浴店', '支付¥14.68获得1积分', '2025-09-09 14:41:04'),
('pts_202509302028160003081iot', 'user_00075', 1, 'payment_reward', 'ord_20250930202816000307qkn2', 'mch_00003', '上海日式料理', '支付¥5.70获得1积分', '2025-08-13 15:02:41'),
('pts_202509302028160003128371', 'user_00076', 8, 'payment_reward', 'ord_20250930202816000311fcm9', 'mch_00011', '佛山美术班', '支付¥86.15获得8积分', '2025-09-04 00:17:39'),
('pts_20250930202816000314h9ss', 'user_00077', 1, 'payment_reward', 'ord_20250930202816000313alr5', 'mch_00004', '合肥蛋糕店', '支付¥7.89获得1积分', '2025-08-30 11:35:34'),
('pts_202509302028160003165q1u', 'user_00078', 2, 'payment_reward', 'ord_20250930202816000315pjk4', 'mch_00015', '西安KTV', '支付¥23.45获得2积分', '2025-09-08 16:34:32'),
('pts_20250930202816000319cgbx', 'user_00079', 6, 'payment_reward', 'ord_20250930202816000318888z', 'mch_00016', '北京加油站', '支付¥68.12获得6积分', '2025-08-24 00:07:40'),
('pts_20250930202816000321ykz9', 'user_00080', 4, 'payment_reward', 'ord_202509302028160003201c52', 'mch_00003', '上海日式料理', '支付¥41.24获得4积分', '2025-09-27 01:51:16'),
('pts_20250930202816000323919y', 'user_00081', 1, 'payment_reward', 'ord_20250930202816000322i3uz', 'mch_00020', '长沙美容院', '支付¥15.65获得1积分', '2025-09-27 08:49:02'),
('pts_20250930202816000325ahxe', 'user_00081', 9, 'payment_reward', 'ord_2025093020281600032463us', 'mch_00015', '西安KTV', '支付¥91.80获得9积分', '2025-08-04 23:43:38'),
('pts_2025093020281600032705md', 'user_00082', 5, 'payment_reward', 'ord_20250930202816000326vwge', 'mch_00003', '上海日式料理', '支付¥54.34获得5积分', '2025-09-30 08:30:36'),
('pts_20250930202816000329mq1r', 'user_00082', 3, 'payment_reward', 'ord_20250930202816000328q3an', 'mch_00012', '苏州江南味道', '支付¥30.97获得3积分', '2025-09-03 12:03:10'),
('pts_20250930202816000333rbae', 'user_00083', 1, 'payment_reward', 'ord_202509302028160003328fds', 'mch_00004', '合肥蛋糕店', '支付¥17.74获得1积分', '2025-09-19 21:26:04'),
('pts_20250930202816000335nnap', 'user_00084', 4, 'payment_reward', 'ord_20250930202816000334xj77', 'mch_00005', '苏州鞋店', '支付¥48.90获得4积分', '2025-09-09 20:10:25'),
('pts_202509302028160003377rm2', 'user_00084', 6, 'payment_reward', 'ord_2025093020281600033673t2', 'mch_00013', '合肥水果店', '支付¥63.55获得6积分', '2025-08-11 13:27:55'),
('pts_20250930202816000339tlzk', 'user_00085', 1, 'payment_reward', 'ord_20250930202816000338047y', 'mch_00011', '佛山美术班', '支付¥15.96获得1积分', '2025-08-16 09:20:00'),
('pts_202509302028160003417g1j', 'user_00085', 2, 'payment_reward', 'ord_2025093020281600034023b9', 'mch_00003', '上海日式料理', '支付¥21.62获得2积分', '2025-09-04 21:06:03'),
('pts_202509302028160003445dvy', 'user_00086', 1, 'payment_reward', 'ord_20250930202816000343er8b', 'mch_00015', '西安KTV', '支付¥14.06获得1积分', '2025-08-10 12:02:19'),
('pts_20250930202816000346a8n2', 'user_00086', 3, 'payment_reward', 'ord_20250930202816000345g5w2', 'mch_00017', '深圳面包房', '支付¥36.34获得3积分', '2025-09-06 04:30:47'),
('pts_20250930202816000348xbgz', 'user_00086', 1, 'payment_reward', 'ord_20250930202816000347vd47', 'mch_00016', '北京加油站', '支付¥18.16获得1积分', '2025-08-08 07:21:08'),
('pts_202509302028160003500hkg', 'user_00087', 6, 'payment_reward', 'ord_20250930202816000349vzwl', 'mch_00003', '上海日式料理', '支付¥63.57获得6积分', '2025-08-17 00:24:15'),
('pts_20250930202816000352vq5u', 'user_00087', 6, 'payment_reward', 'ord_202509302028160003511v4k', 'mch_00020', '长沙美容院', '支付¥68.82获得6积分', '2025-08-15 21:21:08'),
('pts_20250930202816000354jpp7', 'user_00087', 1, 'payment_reward', 'ord_20250930202816000353eet8', 'mch_00019', '深圳羽毛球馆', '支付¥14.32获得1积分', '2025-08-19 17:09:46'),
('pts_20250930202816000356t4ed', 'user_00088', 2, 'payment_reward', 'ord_20250930202816000355by1z', 'mch_00010', '南京花店', '支付¥26.10获得2积分', '2025-09-30 00:22:42'),
('pts_2025093020281600035824p1', 'user_00088', 1, 'payment_reward', 'ord_202509302028160003570pak', 'mch_00005', '苏州鞋店', '支付¥15.71获得1积分', '2025-09-19 22:19:43'),
('pts_202509302028160003605dyc', 'user_00089', 1, 'payment_reward', 'ord_202509302028160003596458', 'mch_00016', '北京加油站', '支付¥19.98获得1积分', '2025-09-24 20:18:57'),
('pts_20250930202816000362srg7', 'user_00090', 1, 'payment_reward', 'ord_202509302028160003619lt2', 'mch_00010', '南京花店', '支付¥14.30获得1积分', '2025-08-08 18:14:47'),
('pts_20250930202816000364o112', 'user_00090', 1, 'payment_reward', 'ord_20250930202816000363kqhm', 'mch_00002', '长沙诊所', '支付¥13.43获得1积分', '2025-08-10 12:18:02'),
('pts_20250930202816000366reob', 'user_00090', 2, 'payment_reward', 'ord_20250930202816000365rwu7', 'mch_00011', '佛山美术班', '支付¥23.13获得2积分', '2025-08-26 19:22:06'),
('pts_2025093020281600036968dn', 'user_00091', 1, 'payment_reward', 'ord_20250930202816000368j232', 'mch_00010', '南京花店', '支付¥14.46获得1积分', '2025-08-15 22:46:32'),
('pts_20250930202816000371pr5b', 'user_00092', 1, 'payment_reward', 'ord_20250930202816000370xtds', 'mch_00004', '合肥蛋糕店', '支付¥12.87获得1积分', '2025-09-29 01:02:43'),
('pts_20250930202816000373bpn5', 'user_00092', 6, 'payment_reward', 'ord_20250930202816000372cuhs', 'mch_00004', '合肥蛋糕店', '支付¥69.89获得6积分', '2025-09-23 23:05:25'),
('pts_20250930202816000375gzbh', 'user_00093', 1, 'payment_reward', 'ord_20250930202816000374xb5y', 'mch_00008', '广州茶餐厅', '支付¥7.85获得1积分', '2025-09-15 11:56:21'),
('pts_20250930202816000377kr3n', 'user_00093', 3, 'payment_reward', 'ord_20250930202816000376baxq', 'mch_00002', '长沙诊所', '支付¥31.12获得3积分', '2025-09-16 16:57:04'),
('pts_20250930202816000379ld1y', 'user_00093', 1, 'payment_reward', 'ord_20250930202816000378afrn', 'mch_00016', '北京加油站', '支付¥12.36获得1积分', '2025-08-05 07:11:38'),
('pts_202509302028160003811nig', 'user_00094', 1, 'payment_reward', 'ord_2025093020281600038022y7', 'mch_00003', '上海日式料理', '支付¥6.35获得1积分', '2025-08-22 07:57:56'),
('pts_202509302028160003834wc7', 'user_00095', 19, 'payment_reward', 'ord_20250930202816000382zvgc', 'mch_00008', '广州茶餐厅', '支付¥192.46获得19积分', '2025-08-23 14:49:03'),
('pts_20250930202816000385cw02', 'user_00096', 1, 'payment_reward', 'ord_20250930202816000384bkd0', 'mch_00016', '北京加油站', '支付¥9.98获得1积分', '2025-09-05 13:47:17'),
('pts_202509302028160003877ru6', 'user_00096', 1, 'payment_reward', 'ord_20250930202816000386x9js', 'mch_00018', '郑州足浴店', '支付¥6.34获得1积分', '2025-09-08 12:18:34'),
('pts_202509302028160003897cfd', 'user_00096', 1, 'payment_reward', 'ord_202509302028160003884vrs', 'mch_00015', '西安KTV', '支付¥8.06获得1积分', '2025-08-10 23:45:12'),
('pts_202509302028160003912wef', 'user_00097', 6, 'payment_reward', 'ord_20250930202816000390t3pb', 'mch_00004', '合肥蛋糕店', '支付¥61.08获得6积分', '2025-09-25 11:24:09'),
('pts_20250930202816000393tmod', 'user_00097', 1, 'payment_reward', 'ord_20250930202816000392umc6', 'mch_00020', '长沙美容院', '支付¥9.12获得1积分', '2025-08-31 14:10:50'),
('pts_20250930202816000395h9un', 'user_00098', 1, 'payment_reward', 'ord_202509302028160003943blt', 'mch_00020', '长沙美容院', '支付¥13.89获得1积分', '2025-08-19 03:50:55'),
('pts_20250930202816000397axin', 'user_00098', 3, 'payment_reward', 'ord_20250930202816000396bs8s', 'mch_00019', '深圳羽毛球馆', '支付¥35.25获得3积分', '2025-08-10 01:52:53'),
('pts_20250930202816000399c021', 'user_00098', 1, 'payment_reward', 'ord_202509302028160003981k1d', 'mch_00002', '长沙诊所', '支付¥10.82获得1积分', '2025-08-13 01:34:21'),
('pts_20250930202816000402vg60', 'user_00099', 2, 'payment_reward', 'ord_20250930202816000401j1i0', 'mch_00002', '长沙诊所', '支付¥20.57获得2积分', '2025-08-24 17:34:06'),
('pts_202509302028160004044hya', 'user_00099', 7, 'payment_reward', 'ord_20250930202816000403yuii', 'mch_00017', '深圳面包房', '支付¥74.88获得7积分', '2025-08-30 06:38:18'),
('pts_20250930202816000406xebt', 'user_00099', 1, 'payment_reward', 'ord_20250930202816000405tpp7', 'mch_00012', '苏州江南味道', '支付¥11.29获得1积分', '2025-09-19 06:20:31'),
('pts_20250930202816000408j84d', 'user_00100', 1, 'payment_reward', 'ord_20250930202816000407kaz1', 'mch_00017', '深圳面包房', '支付¥9.33获得1积分', '2025-09-18 22:22:41');

-- 插入 100 个用户积分
INSERT INTO user_points (user_id, available_points, total_earned, total_spent) VALUES
('user_00001', 19, 19, 0),
('user_00002', 3, 3, 0),
('user_00003', 3, 3, 0),
('user_00004', 7, 7, 0),
('user_00005', 7, 7, 0),
('user_00006', 6, 6, 0),
('user_00007', 0, 0, 0),
('user_00008', 16, 16, 0),
('user_00009', 12, 12, 0),
('user_00010', 1, 1, 0),
('user_00011', 10, 10, 0),
('user_00012', 12, 12, 0),
('user_00013', 3, 3, 0),
('user_00014', 0, 0, 0),
('user_00015', 1, 1, 0),
('user_00016', 2, 2, 0),
('user_00017', 9, 9, 0),
('user_00018', 1, 1, 0),
('user_00019', 3, 3, 0),
('user_00020', 7, 7, 0),
('user_00021', 2, 2, 0),
('user_00022', 8, 8, 0),
('user_00023', 8, 8, 0),
('user_00024', 5, 5, 0),
('user_00025', 0, 0, 0),
('user_00026', 8, 8, 0),
('user_00027', 20, 20, 0),
('user_00028', 3, 3, 0),
('user_00029', 4, 4, 0),
('user_00030', 4, 4, 0),
('user_00031', 6, 6, 0),
('user_00032', 1, 1, 0),
('user_00033', 5, 5, 0),
('user_00034', 3, 3, 0),
('user_00035', 7, 7, 0),
('user_00036', 7, 7, 0),
('user_00037', 2, 2, 0),
('user_00038', 5, 5, 0),
('user_00039', 7, 7, 0),
('user_00040', 49, 49, 0),
('user_00041', 1, 1, 0),
('user_00042', 2, 2, 0),
('user_00043', 0, 0, 0),
('user_00044', 4, 4, 0),
('user_00045', 5, 5, 0),
('user_00046', 3, 3, 0),
('user_00047', 3, 3, 0),
('user_00048', 0, 0, 0),
('user_00049', 23, 23, 0),
('user_00050', 5, 5, 0),
('user_00051', 0, 0, 0),
('user_00052', 4, 4, 0),
('user_00053', 18, 18, 0),
('user_00054', 2, 2, 0),
('user_00055', 1, 1, 0),
('user_00056', 1, 1, 0),
('user_00057', 15, 15, 0),
('user_00058', 3, 3, 0),
('user_00059', 3, 3, 0),
('user_00060', 32, 32, 0),
('user_00061', 0, 0, 0),
('user_00062', 8, 8, 0),
('user_00063', 45, 45, 0),
('user_00064', 1, 1, 0),
('user_00065', 1, 1, 0),
('user_00066', 10, 10, 0),
('user_00067', 6, 6, 0),
('user_00068', 0, 0, 0),
('user_00069', 9, 9, 0),
('user_00070', 7, 7, 0),
('user_00071', 0, 0, 0),
('user_00072', 31, 31, 0),
('user_00073', 10, 10, 0),
('user_00074', 4, 4, 0),
('user_00075', 2, 2, 0),
('user_00076', 8, 8, 0),
('user_00077', 1, 1, 0),
('user_00078', 2, 2, 0),
('user_00079', 6, 6, 0),
('user_00080', 4, 4, 0),
('user_00081', 10, 10, 0),
('user_00082', 8, 8, 0),
('user_00083', 1, 1, 0),
('user_00084', 10, 10, 0),
('user_00085', 3, 3, 0),
('user_00086', 5, 5, 0),
('user_00087', 13, 13, 0),
('user_00088', 3, 3, 0),
('user_00089', 1, 1, 0),
('user_00090', 4, 4, 0),
('user_00091', 1, 1, 0),
('user_00092', 7, 7, 0),
('user_00093', 5, 5, 0),
('user_00094', 1, 1, 0),
('user_00095', 19, 19, 0),
('user_00096', 3, 3, 0),
('user_00097', 7, 7, 0),
('user_00098', 5, 5, 0),
('user_00099', 10, 10, 0),
('user_00100', 1, 1, 0);


-- ==========================================
-- 数据导入完成
-- ==========================================