-- ==========================================
-- 商户、订单和积分数据
-- 自动生成于 2025-09-30
-- ==========================================

USE weixin_payment;

-- ==========================================
-- 2. 插入20个商户数据
-- ==========================================

INSERT INTO merchants (id, merchant_name, mch_id, category, store_name, city, province, country, points_ratio, status, created_at, updated_at) VALUES
('mch_001', '星巴克咖啡', '156440730', '餐饮', '上海旗舰店', '上海', '上海市', '中国', '50%', 'active', '2025-09-08 16:00:00', '2025-09-30 12:00:00'),
('mch_002', '肯德基', '156241947', '餐饮', '北京万达店', '北京', '北京市', '中国', '42%', 'active', '2025-09-24 13:00:00', '2025-09-30 12:00:00'),
('mch_003', '麦当劳', '156751391', '餐饮', '深圳市中心店', '深圳', '广东省', '中国', '34%', 'active', '2025-09-04 15:00:00', '2025-09-30 12:00:00'),
('mch_004', '海底捞火锅', '156830728', '餐饮', '杭州旗舰店', '杭州', '浙江省', '中国', '16%', 'active', '2025-09-18 15:00:00', '2025-09-30 12:00:00'),
('mch_005', '西贝莜面村', '156675333', '餐饮', '北京购物中心店', '北京', '北京市', '中国', '20%', 'active', '2025-09-19 09:00:00', '2025-09-30 12:00:00'),
('mch_006', '外婆家', '156981173', '餐饮', '深圳旗舰店', '深圳', '广东省', '中国', '31%', 'active', '2025-09-07 18:00:00', '2025-09-30 12:00:00'),
('mch_007', '绿茶餐厅', '156732083', '餐饮', '上海万达店', '上海', '上海市', '中国', '25%', 'active', '2025-09-22 18:00:00', '2025-09-30 12:00:00'),
('mch_008', '呷哺呷哺', '156878283', '餐饮', '杭州万达店', '杭州', '浙江省', '中国', '19%', 'active', '2025-09-04 18:00:00', '2025-09-30 12:00:00'),
('mch_009', '沃尔玛超市', '156708781', '超市', '深圳万达店', '深圳', '广东省', '中国', '38%', 'active', '2025-09-08 13:00:00', '2025-09-30 12:00:00'),
('mch_010', '家乐福', '156561085', '超市', '广州购物中心店', '广州', '广东省', '中国', '21%', 'active', '2025-09-01 18:00:00', '2025-09-30 12:00:00'),
('mch_011', '永辉超市', '156699113', '超市', '杭州购物中心店', '杭州', '浙江省', '中国', '37%', 'active', '2025-09-18 10:00:00', '2025-09-30 12:00:00'),
('mch_012', '华润万家', '156902265', '超市', '杭州市中心店', '杭州', '浙江省', '中国', '33%', 'active', '2025-09-07 14:00:00', '2025-09-30 12:00:00'),
('mch_013', '物美超市', '156265114', '超市', '杭州万达店', '杭州', '浙江省', '中国', '41%', 'active', '2025-09-12 18:00:00', '2025-09-30 12:00:00'),
('mch_014', '优衣库', '156447585', '服装', '深圳旗舰店', '深圳', '广东省', '中国', '20%', 'active', '2025-09-17 12:00:00', '2025-09-30 12:00:00'),
('mch_015', 'ZARA', '156688865', '服装', '北京市中心店', '北京', '北京市', '中国', '41%', 'active', '2025-09-13 12:00:00', '2025-09-30 12:00:00'),
('mch_016', 'H&M', '156232603', '服装', '深圳购物中心店', '深圳', '广东省', '中国', '10%', 'active', '2025-09-07 12:00:00', '2025-09-30 12:00:00'),
('mch_017', '太平鸟', '156474695', '服装', '上海市中心店', '上海', '上海市', '中国', '44%', 'active', '2025-09-12 13:00:00', '2025-09-30 12:00:00'),
('mch_018', '波司登', '156488620', '服装', '杭州购物中心店', '杭州', '浙江省', '中国', '37%', 'active', '2025-09-09 09:00:00', '2025-09-30 12:00:00'),
('mch_019', '万达影城', '156159535', '娱乐', '北京购物中心店', '北京', '北京市', '中国', '37%', 'active', '2025-09-02 08:00:00', '2025-09-30 12:00:00'),
('mch_020', '横店影城', '156298376', '娱乐', '深圳市中心店', '深圳', '广东省', '中国', '14%', 'active', '2025-09-12 16:00:00', '2025-09-30 12:00:00');

SELECT '✅ 已插入20个商户数据' AS status;

-- ==========================================
-- 3. 插入200个支付订单
-- ==========================================

INSERT INTO payment_orders (id, user_id, merchant_id, amount, points_earned, status, payment_method, transaction_id, created_at, updated_at) VALUES
('order_000001', 'user_039', 'mch_017', 608, 6, 'completed', 'wxpay', NULL, '2025-09-26 13:46:00', '2025-09-26 13:46:00'),
('order_000002', 'user_072', 'mch_020', 3116, 31, 'completed', 'wxpay', NULL, '2025-09-21 11:51:00', '2025-09-21 11:51:00'),
('order_000003', 'user_069', 'mch_013', 1704, 17, 'completed', 'wxpay', NULL, '2025-09-28 09:19:00', '2025-09-28 09:19:00'),
('order_000004', 'user_040', 'mch_004', 2502, 25, 'pending', 'wxpay', NULL, '2025-09-08 20:24:00', '2025-09-08 20:24:00'),
('order_000005', 'user_013', 'mch_007', 2479, 24, 'completed', 'wxpay', NULL, '2025-09-27 09:33:00', '2025-09-27 09:33:00'),
('order_000006', 'user_003', 'mch_009', 38618, 386, 'completed', 'wxpay', NULL, '2025-09-25 13:50:00', '2025-09-25 13:50:00'),
('order_000007', 'user_067', 'mch_004', 3620, 36, 'completed', 'wxpay', NULL, '2025-09-30 11:14:00', '2025-09-30 11:14:00'),
('order_000008', 'user_098', 'mch_014', 1062, 10, 'completed', 'wxpay', NULL, '2025-09-21 21:19:00', '2025-09-21 21:19:00'),
('order_000009', 'user_072', 'mch_011', 7419, 74, 'completed', 'wxpay', NULL, '2025-09-27 11:41:00', '2025-09-27 11:41:00'),
('order_000010', 'user_059', 'mch_011', 1013, 10, 'completed', 'wxpay', NULL, '2025-09-18 11:06:00', '2025-09-18 11:06:00'),
('order_000011', 'user_084', 'mch_011', 2138, 21, 'completed', 'wxpay', NULL, '2025-09-25 21:46:00', '2025-09-25 21:46:00'),
('order_000012', 'user_098', 'mch_012', 3199, 31, 'completed', 'wxpay', NULL, '2025-09-30 14:04:00', '2025-09-30 14:04:00'),
('order_000013', 'user_064', 'mch_001', 1728, 17, 'completed', 'wxpay', NULL, '2025-09-01 14:32:00', '2025-09-01 14:32:00'),
('order_000014', 'user_097', 'mch_002', 6882, 68, 'completed', 'wxpay', NULL, '2025-09-20 18:58:00', '2025-09-20 18:58:00'),
('order_000015', 'user_080', 'mch_018', 2242, 22, 'completed', 'wxpay', NULL, '2025-09-30 14:44:00', '2025-09-30 14:44:00'),
('order_000016', 'user_099', 'mch_016', 697, 6, 'completed', 'wxpay', NULL, '2025-09-30 19:50:00', '2025-09-30 19:50:00'),
('order_000017', 'user_086', 'mch_015', 993, 9, 'completed', 'wxpay', NULL, '2025-09-25 09:54:00', '2025-09-25 09:54:00'),
('order_000018', 'user_056', 'mch_003', 821, 8, 'completed', 'wxpay', NULL, '2025-09-08 15:59:00', '2025-09-08 15:59:00'),
('order_000019', 'user_043', 'mch_013', 2671, 26, 'completed', 'wxpay', NULL, '2025-09-21 09:21:00', '2025-09-21 09:21:00'),
('order_000020', 'user_053', 'mch_017', 1275, 12, 'pending', 'wxpay', NULL, '2025-09-30 12:26:00', '2025-09-30 12:26:00'),
('order_000021', 'user_045', 'mch_018', 628, 6, 'completed', 'wxpay', NULL, '2025-09-01 17:14:00', '2025-09-01 17:14:00'),
('order_000022', 'user_053', 'mch_007', 1228, 12, 'completed', 'wxpay', NULL, '2025-09-06 14:56:00', '2025-09-06 14:56:00'),
('order_000023', 'user_099', 'mch_014', 1498, 14, 'completed', 'wxpay', NULL, '2025-09-06 09:31:00', '2025-09-06 09:31:00'),
('order_000024', 'user_025', 'mch_013', 4431, 44, 'completed', 'wxpay', NULL, '2025-09-24 22:47:00', '2025-09-24 22:47:00'),
('order_000025', 'user_077', 'mch_016', 1465, 14, 'completed', 'wxpay', NULL, '2025-09-15 13:36:00', '2025-09-15 13:36:00'),
('order_000026', 'user_083', 'mch_005', 1525, 15, 'pending', 'wxpay', NULL, '2025-09-26 18:18:00', '2025-09-26 18:18:00'),
('order_000027', 'user_083', 'mch_020', 4086, 40, 'completed', 'wxpay', NULL, '2025-09-29 21:19:00', '2025-09-29 21:19:00'),
('order_000028', 'user_069', 'mch_003', 1713, 17, 'completed', 'wxpay', NULL, '2025-09-20 09:37:00', '2025-09-20 09:37:00'),
('order_000029', 'user_023', 'mch_012', 689, 6, 'completed', 'wxpay', NULL, '2025-09-06 19:07:00', '2025-09-06 19:07:00'),
('order_000030', 'user_006', 'mch_002', 1590, 15, 'completed', 'wxpay', NULL, '2025-09-30 19:08:00', '2025-09-30 19:08:00'),
('order_000031', 'user_015', 'mch_002', 750, 7, 'completed', 'wxpay', NULL, '2025-09-07 21:41:00', '2025-09-07 21:41:00'),
('order_000032', 'user_025', 'mch_016', 2077, 20, 'completed', 'wxpay', NULL, '2025-09-17 13:17:00', '2025-09-17 13:17:00'),
('order_000033', 'user_090', 'mch_007', 978, 9, 'completed', 'wxpay', NULL, '2025-09-18 13:23:00', '2025-09-18 13:23:00'),
('order_000034', 'user_089', 'mch_020', 7264, 72, 'completed', 'wxpay', NULL, '2025-09-15 20:09:00', '2025-09-15 20:09:00'),
('order_000035', 'user_071', 'mch_013', 578, 5, 'completed', 'wxpay', NULL, '2025-09-05 19:21:00', '2025-09-05 19:21:00'),
('order_000036', 'user_025', 'mch_013', 1710, 17, 'completed', 'wxpay', NULL, '2025-09-25 10:23:00', '2025-09-25 10:23:00'),
('order_000037', 'user_081', 'mch_006', 4897, 48, 'completed', 'wxpay', NULL, '2025-09-06 10:38:00', '2025-09-06 10:38:00'),
('order_000038', 'user_036', 'mch_010', 1047, 10, 'completed', 'wxpay', NULL, '2025-09-30 17:39:00', '2025-09-30 17:39:00'),
('order_000039', 'user_018', 'mch_007', 4900, 49, 'completed', 'wxpay', NULL, '2025-09-30 16:07:00', '2025-09-30 16:07:00'),
('order_000040', 'user_074', 'mch_018', 2412, 24, 'completed', 'wxpay', NULL, '2025-09-30 11:53:00', '2025-09-30 11:53:00'),
('order_000041', 'user_058', 'mch_018', 1539, 15, 'completed', 'wxpay', NULL, '2025-09-18 09:06:00', '2025-09-18 09:06:00'),
('order_000042', 'user_042', 'mch_005', 1232, 12, 'completed', 'wxpay', NULL, '2025-09-09 11:20:00', '2025-09-09 11:20:00'),
('order_000043', 'user_048', 'mch_005', 925, 9, 'pending', 'wxpay', NULL, '2025-09-19 21:34:00', '2025-09-19 21:34:00'),
('order_000044', 'user_049', 'mch_017', 2733, 27, 'completed', 'wxpay', NULL, '2025-09-19 18:29:00', '2025-09-19 18:29:00'),
('order_000045', 'user_038', 'mch_002', 1815, 18, 'completed', 'wxpay', NULL, '2025-09-15 11:17:00', '2025-09-15 11:17:00'),
('order_000046', 'user_024', 'mch_012', 2229, 22, 'completed', 'wxpay', NULL, '2025-09-18 13:33:00', '2025-09-18 13:33:00'),
('order_000047', 'user_087', 'mch_008', 688, 6, 'completed', 'wxpay', NULL, '2025-09-15 20:21:00', '2025-09-15 20:21:00'),
('order_000048', 'user_088', 'mch_006', 2671, 26, 'completed', 'wxpay', NULL, '2025-09-01 17:02:00', '2025-09-01 17:02:00'),
('order_000049', 'user_098', 'mch_006', 7863, 78, 'completed', 'wxpay', NULL, '2025-09-05 16:41:00', '2025-09-05 16:41:00'),
('order_000050', 'user_026', 'mch_009', 9875, 98, 'completed', 'wxpay', NULL, '2025-09-06 08:55:00', '2025-09-06 08:55:00'),
('order_000051', 'user_012', 'mch_014', 3015, 30, 'pending', 'wxpay', NULL, '2025-09-27 12:18:00', '2025-09-27 12:18:00'),
('order_000052', 'user_053', 'mch_006', 509, 5, 'completed', 'wxpay', NULL, '2025-09-29 09:51:00', '2025-09-29 09:51:00'),
('order_000053', 'user_032', 'mch_014', 915, 9, 'completed', 'wxpay', NULL, '2025-09-20 22:53:00', '2025-09-20 22:53:00'),
('order_000054', 'user_059', 'mch_020', 3341, 33, 'completed', 'wxpay', NULL, '2025-09-16 16:23:00', '2025-09-16 16:23:00'),
('order_000055', 'user_033', 'mch_004', 1660, 16, 'completed', 'wxpay', NULL, '2025-09-15 12:34:00', '2025-09-15 12:34:00'),
('order_000056', 'user_038', 'mch_019', 9012, 90, 'completed', 'wxpay', NULL, '2025-09-28 18:47:00', '2025-09-28 18:47:00'),
('order_000057', 'user_007', 'mch_019', 1227, 12, 'completed', 'wxpay', NULL, '2025-09-24 17:36:00', '2025-09-24 17:36:00'),
('order_000058', 'user_087', 'mch_015', 6063, 60, 'completed', 'wxpay', NULL, '2025-09-09 15:12:00', '2025-09-09 15:12:00'),
('order_000059', 'user_082', 'mch_005', 1126, 11, 'completed', 'wxpay', NULL, '2025-09-06 22:17:00', '2025-09-06 22:17:00'),
('order_000060', 'user_055', 'mch_004', 4792, 47, 'completed', 'wxpay', NULL, '2025-09-18 14:39:00', '2025-09-18 14:39:00'),
('order_000061', 'user_011', 'mch_001', 3907, 39, 'completed', 'wxpay', NULL, '2025-09-19 15:34:00', '2025-09-19 15:34:00'),
('order_000062', 'user_033', 'mch_003', 991, 9, 'completed', 'wxpay', NULL, '2025-09-16 09:34:00', '2025-09-16 09:34:00'),
('order_000063', 'user_007', 'mch_013', 3159, 31, 'completed', 'wxpay', NULL, '2025-09-05 08:47:00', '2025-09-05 08:47:00'),
('order_000064', 'user_076', 'mch_007', 2193, 21, 'completed', 'wxpay', NULL, '2025-09-20 14:00:00', '2025-09-20 14:00:00'),
('order_000065', 'user_062', 'mch_009', 9210, 92, 'completed', 'wxpay', NULL, '2025-09-17 11:22:00', '2025-09-17 11:22:00'),
('order_000066', 'user_100', 'mch_008', 683, 6, 'completed', 'wxpay', NULL, '2025-09-17 20:17:00', '2025-09-17 20:17:00'),
('order_000067', 'user_069', 'mch_012', 1471, 14, 'completed', 'wxpay', NULL, '2025-09-12 11:15:00', '2025-09-12 11:15:00'),
('order_000068', 'user_015', 'mch_002', 5279, 52, 'completed', 'wxpay', NULL, '2025-09-22 18:37:00', '2025-09-22 18:37:00'),
('order_000069', 'user_095', 'mch_020', 8414, 84, 'completed', 'wxpay', NULL, '2025-09-20 17:09:00', '2025-09-20 17:09:00'),
('order_000070', 'user_092', 'mch_006', 1887, 18, 'completed', 'wxpay', NULL, '2025-09-30 09:50:00', '2025-09-30 09:50:00'),
('order_000071', 'user_057', 'mch_004', 1178, 11, 'pending', 'wxpay', NULL, '2025-09-21 18:54:00', '2025-09-21 18:54:00'),
('order_000072', 'user_067', 'mch_018', 1731, 17, 'completed', 'wxpay', NULL, '2025-09-21 19:24:00', '2025-09-21 19:24:00'),
('order_000073', 'user_061', 'mch_016', 1300, 13, 'completed', 'wxpay', NULL, '2025-09-08 20:06:00', '2025-09-08 20:06:00'),
('order_000074', 'user_094', 'mch_008', 4330, 43, 'completed', 'wxpay', NULL, '2025-09-25 22:03:00', '2025-09-25 22:03:00'),
('order_000075', 'user_031', 'mch_016', 662, 6, 'completed', 'wxpay', NULL, '2025-09-04 14:04:00', '2025-09-04 14:04:00'),
('order_000076', 'user_084', 'mch_004', 1271, 12, 'completed', 'wxpay', NULL, '2025-09-13 17:02:00', '2025-09-13 17:02:00'),
('order_000077', 'user_040', 'mch_017', 5217, 52, 'completed', 'wxpay', NULL, '2025-09-29 14:39:00', '2025-09-29 14:39:00'),
('order_000078', 'user_062', 'mch_019', 796, 7, 'completed', 'wxpay', NULL, '2025-09-06 22:49:00', '2025-09-06 22:49:00'),
('order_000079', 'user_003', 'mch_015', 1799, 17, 'completed', 'wxpay', NULL, '2025-09-26 21:32:00', '2025-09-26 21:32:00'),
('order_000080', 'user_067', 'mch_014', 4468, 44, 'completed', 'wxpay', NULL, '2025-09-13 20:37:00', '2025-09-13 20:37:00'),
('order_000081', 'user_013', 'mch_020', 1164, 11, 'completed', 'wxpay', NULL, '2025-09-15 12:28:00', '2025-09-15 12:28:00'),
('order_000082', 'user_003', 'mch_018', 1379, 13, 'completed', 'wxpay', NULL, '2025-09-10 10:59:00', '2025-09-10 10:59:00'),
('order_000083', 'user_020', 'mch_009', 628, 6, 'completed', 'wxpay', NULL, '2025-09-16 08:07:00', '2025-09-16 08:07:00'),
('order_000084', 'user_033', 'mch_013', 989, 9, 'completed', 'wxpay', NULL, '2025-09-20 12:37:00', '2025-09-20 12:37:00'),
('order_000085', 'user_043', 'mch_011', 4770, 47, 'completed', 'wxpay', NULL, '2025-09-24 09:02:00', '2025-09-24 09:02:00'),
('order_000086', 'user_004', 'mch_002', 1530, 15, 'pending', 'wxpay', NULL, '2025-09-21 18:58:00', '2025-09-21 18:58:00'),
('order_000087', 'user_031', 'mch_013', 866, 8, 'completed', 'wxpay', NULL, '2025-09-01 13:48:00', '2025-09-01 13:48:00'),
('order_000088', 'user_045', 'mch_005', 804, 8, 'completed', 'wxpay', NULL, '2025-09-28 11:02:00', '2025-09-28 11:02:00'),
('order_000089', 'user_028', 'mch_005', 578, 5, 'completed', 'wxpay', NULL, '2025-09-11 20:19:00', '2025-09-11 20:19:00'),
('order_000090', 'user_022', 'mch_014', 3601, 36, 'completed', 'wxpay', NULL, '2025-09-20 19:47:00', '2025-09-20 19:47:00'),
('order_000091', 'user_095', 'mch_008', 4660, 46, 'completed', 'wxpay', NULL, '2025-09-28 08:50:00', '2025-09-28 08:50:00'),
('order_000092', 'user_023', 'mch_005', 743, 7, 'completed', 'wxpay', NULL, '2025-09-04 11:10:00', '2025-09-04 11:10:00'),
('order_000093', 'user_051', 'mch_014', 3087, 30, 'completed', 'wxpay', NULL, '2025-09-12 10:11:00', '2025-09-12 10:11:00'),
('order_000094', 'user_056', 'mch_001', 3283, 32, 'completed', 'wxpay', NULL, '2025-09-08 16:42:00', '2025-09-08 16:42:00'),
('order_000095', 'user_011', 'mch_006', 1039, 10, 'completed', 'wxpay', NULL, '2025-09-08 21:34:00', '2025-09-08 21:34:00'),
('order_000096', 'user_001', 'mch_001', 3644, 36, 'pending', 'wxpay', NULL, '2025-09-12 17:12:00', '2025-09-12 17:12:00'),
('order_000097', 'user_089', 'mch_017', 1205, 12, 'completed', 'wxpay', NULL, '2025-09-29 17:44:00', '2025-09-29 17:44:00'),
('order_000098', 'user_094', 'mch_002', 1877, 18, 'completed', 'wxpay', NULL, '2025-09-24 10:13:00', '2025-09-24 10:13:00'),
('order_000099', 'user_074', 'mch_015', 9478, 94, 'completed', 'wxpay', NULL, '2025-09-04 11:34:00', '2025-09-04 11:34:00'),
('order_000100', 'user_042', 'mch_017', 9187, 91, 'completed', 'wxpay', NULL, '2025-09-28 10:16:00', '2025-09-28 10:16:00'),
('order_000101', 'user_007', 'mch_014', 1680, 16, 'completed', 'wxpay', NULL, '2025-09-17 22:45:00', '2025-09-17 22:45:00'),
('order_000102', 'user_009', 'mch_011', 1546, 15, 'completed', 'wxpay', NULL, '2025-09-27 18:31:00', '2025-09-27 18:31:00'),
('order_000103', 'user_033', 'mch_011', 33438, 334, 'completed', 'wxpay', NULL, '2025-09-17 18:43:00', '2025-09-17 18:43:00'),
('order_000104', 'user_091', 'mch_008', 3080, 30, 'completed', 'wxpay', NULL, '2025-09-06 10:20:00', '2025-09-06 10:20:00'),
('order_000105', 'user_024', 'mch_018', 2595, 25, 'completed', 'wxpay', NULL, '2025-09-10 09:25:00', '2025-09-10 09:25:00'),
('order_000106', 'user_094', 'mch_006', 5944, 59, 'completed', 'wxpay', NULL, '2025-09-26 13:42:00', '2025-09-26 13:42:00'),
('order_000107', 'user_040', 'mch_013', 1357, 13, 'completed', 'wxpay', NULL, '2025-09-09 08:02:00', '2025-09-09 08:02:00'),
('order_000108', 'user_002', 'mch_008', 7800, 78, 'completed', 'wxpay', NULL, '2025-09-13 17:21:00', '2025-09-13 17:21:00'),
('order_000109', 'user_089', 'mch_004', 1962, 19, 'completed', 'wxpay', NULL, '2025-09-04 18:19:00', '2025-09-04 18:19:00'),
('order_000110', 'user_100', 'mch_007', 3753, 37, 'completed', 'wxpay', NULL, '2025-09-11 12:48:00', '2025-09-11 12:48:00'),
('order_000111', 'user_034', 'mch_009', 1433, 14, 'completed', 'wxpay', NULL, '2025-09-06 16:53:00', '2025-09-06 16:53:00'),
('order_000112', 'user_030', 'mch_002', 2589, 25, 'completed', 'wxpay', NULL, '2025-09-20 21:10:00', '2025-09-20 21:10:00'),
('order_000113', 'user_049', 'mch_005', 594, 5, 'completed', 'wxpay', NULL, '2025-09-21 09:48:00', '2025-09-21 09:48:00'),
('order_000114', 'user_016', 'mch_014', 5569, 55, 'completed', 'wxpay', NULL, '2025-09-26 14:25:00', '2025-09-26 14:25:00'),
('order_000115', 'user_001', 'mch_001', 4122, 41, 'completed', 'wxpay', NULL, '2025-09-26 10:06:00', '2025-09-26 10:06:00'),
('order_000116', 'user_048', 'mch_014', 1939, 19, 'completed', 'wxpay', NULL, '2025-09-26 15:29:00', '2025-09-26 15:29:00'),
('order_000117', 'user_020', 'mch_011', 1407, 14, 'completed', 'wxpay', NULL, '2025-09-03 19:17:00', '2025-09-03 19:17:00'),
('order_000118', 'user_072', 'mch_014', 38852, 388, 'completed', 'wxpay', NULL, '2025-09-21 16:13:00', '2025-09-21 16:13:00'),
('order_000119', 'user_013', 'mch_002', 533, 5, 'completed', 'wxpay', NULL, '2025-09-10 17:47:00', '2025-09-10 17:47:00'),
('order_000120', 'user_050', 'mch_001', 535, 5, 'completed', 'wxpay', NULL, '2025-09-09 21:06:00', '2025-09-09 21:06:00'),
('order_000121', 'user_030', 'mch_016', 2113, 21, 'completed', 'wxpay', NULL, '2025-09-12 10:58:00', '2025-09-12 10:58:00'),
('order_000122', 'user_053', 'mch_011', 9598, 95, 'completed', 'wxpay', NULL, '2025-09-11 09:01:00', '2025-09-11 09:01:00'),
('order_000123', 'user_067', 'mch_001', 1106, 11, 'completed', 'wxpay', NULL, '2025-09-30 12:28:00', '2025-09-30 12:28:00'),
('order_000124', 'user_098', 'mch_005', 626, 6, 'completed', 'wxpay', NULL, '2025-09-01 15:36:00', '2025-09-01 15:36:00'),
('order_000125', 'user_009', 'mch_007', 1708, 17, 'completed', 'wxpay', NULL, '2025-09-01 20:47:00', '2025-09-01 20:47:00'),
('order_000126', 'user_029', 'mch_014', 8443, 84, 'completed', 'wxpay', NULL, '2025-09-16 17:47:00', '2025-09-16 17:47:00'),
('order_000127', 'user_098', 'mch_011', 3289, 32, 'completed', 'wxpay', NULL, '2025-09-17 11:38:00', '2025-09-17 11:38:00'),
('order_000128', 'user_063', 'mch_004', 8624, 86, 'completed', 'wxpay', NULL, '2025-09-16 13:59:00', '2025-09-16 13:59:00'),
('order_000129', 'user_047', 'mch_013', 561, 5, 'completed', 'wxpay', NULL, '2025-09-01 13:05:00', '2025-09-01 13:05:00'),
('order_000130', 'user_040', 'mch_015', 1578, 15, 'completed', 'wxpay', NULL, '2025-09-09 18:41:00', '2025-09-09 18:41:00'),
('order_000131', 'user_011', 'mch_020', 4401, 44, 'completed', 'wxpay', NULL, '2025-09-11 10:29:00', '2025-09-11 10:29:00'),
('order_000132', 'user_094', 'mch_012', 1152, 11, 'completed', 'wxpay', NULL, '2025-09-06 18:24:00', '2025-09-06 18:24:00'),
('order_000133', 'user_004', 'mch_007', 4550, 45, 'pending', 'wxpay', NULL, '2025-09-25 09:59:00', '2025-09-25 09:59:00'),
('order_000134', 'user_093', 'mch_012', 1047, 10, 'completed', 'wxpay', NULL, '2025-09-05 20:39:00', '2025-09-05 20:39:00'),
('order_000135', 'user_062', 'mch_001', 4876, 48, 'completed', 'wxpay', NULL, '2025-09-17 15:14:00', '2025-09-17 15:14:00'),
('order_000136', 'user_037', 'mch_003', 28549, 285, 'pending', 'wxpay', NULL, '2025-09-30 15:30:00', '2025-09-30 15:30:00'),
('order_000137', 'user_095', 'mch_017', 2162, 21, 'completed', 'wxpay', NULL, '2025-09-22 12:40:00', '2025-09-22 12:40:00'),
('order_000138', 'user_060', 'mch_010', 3046, 30, 'completed', 'wxpay', NULL, '2025-09-26 18:29:00', '2025-09-26 18:29:00'),
('order_000139', 'user_019', 'mch_008', 2861, 28, 'completed', 'wxpay', NULL, '2025-09-20 15:08:00', '2025-09-20 15:08:00'),
('order_000140', 'user_029', 'mch_001', 3894, 38, 'completed', 'wxpay', NULL, '2025-09-04 16:42:00', '2025-09-04 16:42:00'),
('order_000141', 'user_049', 'mch_004', 1053, 10, 'completed', 'wxpay', NULL, '2025-09-04 21:26:00', '2025-09-04 21:26:00'),
('order_000142', 'user_096', 'mch_019', 515, 5, 'completed', 'wxpay', NULL, '2025-09-03 10:56:00', '2025-09-03 10:56:00'),
('order_000143', 'user_014', 'mch_013', 1440, 14, 'completed', 'wxpay', NULL, '2025-09-05 17:39:00', '2025-09-05 17:39:00'),
('order_000144', 'user_082', 'mch_017', 588, 5, 'completed', 'wxpay', NULL, '2025-09-19 13:09:00', '2025-09-19 13:09:00'),
('order_000145', 'user_008', 'mch_013', 1462, 14, 'completed', 'wxpay', NULL, '2025-09-19 10:26:00', '2025-09-19 10:26:00'),
('order_000146', 'user_069', 'mch_013', 1232, 12, 'completed', 'wxpay', NULL, '2025-09-23 10:10:00', '2025-09-23 10:10:00'),
('order_000147', 'user_074', 'mch_019', 1983, 19, 'completed', 'wxpay', NULL, '2025-09-16 14:31:00', '2025-09-16 14:31:00'),
('order_000148', 'user_074', 'mch_004', 613, 6, 'completed', 'wxpay', NULL, '2025-09-15 16:43:00', '2025-09-15 16:43:00'),
('order_000149', 'user_064', 'mch_001', 4084, 40, 'completed', 'wxpay', NULL, '2025-09-24 20:05:00', '2025-09-24 20:05:00'),
('order_000150', 'user_007', 'mch_014', 1787, 17, 'completed', 'wxpay', NULL, '2025-09-26 11:55:00', '2025-09-26 11:55:00'),
('order_000151', 'user_040', 'mch_017', 7889, 78, 'completed', 'wxpay', NULL, '2025-09-14 19:38:00', '2025-09-14 19:38:00'),
('order_000152', 'user_027', 'mch_010', 3823, 38, 'completed', 'wxpay', NULL, '2025-09-06 15:07:00', '2025-09-06 15:07:00'),
('order_000153', 'user_090', 'mch_008', 1871, 18, 'completed', 'wxpay', NULL, '2025-09-07 09:13:00', '2025-09-07 09:13:00'),
('order_000154', 'user_075', 'mch_003', 9868, 98, 'completed', 'wxpay', NULL, '2025-09-07 21:00:00', '2025-09-07 21:00:00'),
('order_000155', 'user_014', 'mch_002', 4911, 49, 'completed', 'wxpay', NULL, '2025-09-17 12:03:00', '2025-09-17 12:03:00'),
('order_000156', 'user_008', 'mch_020', 503, 5, 'pending', 'wxpay', NULL, '2025-09-02 19:15:00', '2025-09-02 19:15:00'),
('order_000157', 'user_049', 'mch_005', 2132, 21, 'completed', 'wxpay', NULL, '2025-09-07 10:13:00', '2025-09-07 10:13:00'),
('order_000158', 'user_042', 'mch_003', 1973, 19, 'completed', 'wxpay', NULL, '2025-09-17 08:33:00', '2025-09-17 08:33:00'),
('order_000159', 'user_094', 'mch_009', 1252, 12, 'completed', 'wxpay', NULL, '2025-09-26 09:56:00', '2025-09-26 09:56:00'),
('order_000160', 'user_004', 'mch_004', 2878, 28, 'completed', 'wxpay', NULL, '2025-09-19 14:51:00', '2025-09-19 14:51:00'),
('order_000161', 'user_071', 'mch_018', 1663, 16, 'completed', 'wxpay', NULL, '2025-09-09 19:59:00', '2025-09-09 19:59:00'),
('order_000162', 'user_017', 'mch_009', 2080, 20, 'completed', 'wxpay', NULL, '2025-09-21 16:06:00', '2025-09-21 16:06:00'),
('order_000163', 'user_013', 'mch_003', 5129, 51, 'completed', 'wxpay', NULL, '2025-09-07 21:39:00', '2025-09-07 21:39:00'),
('order_000164', 'user_010', 'mch_001', 752, 7, 'completed', 'wxpay', NULL, '2025-09-11 21:50:00', '2025-09-11 21:50:00'),
('order_000165', 'user_011', 'mch_011', 1806, 18, 'completed', 'wxpay', NULL, '2025-09-28 08:12:00', '2025-09-28 08:12:00'),
('order_000166', 'user_007', 'mch_012', 3386, 33, 'completed', 'wxpay', NULL, '2025-09-24 20:10:00', '2025-09-24 20:10:00'),
('order_000167', 'user_068', 'mch_007', 2984, 29, 'completed', 'wxpay', NULL, '2025-09-27 11:44:00', '2025-09-27 11:44:00'),
('order_000168', 'user_055', 'mch_010', 1425, 14, 'completed', 'wxpay', NULL, '2025-09-15 08:44:00', '2025-09-15 08:44:00'),
('order_000169', 'user_025', 'mch_016', 4095, 40, 'completed', 'wxpay', NULL, '2025-09-09 17:48:00', '2025-09-09 17:48:00'),
('order_000170', 'user_015', 'mch_007', 1701, 17, 'completed', 'wxpay', NULL, '2025-09-05 09:21:00', '2025-09-05 09:21:00'),
('order_000171', 'user_071', 'mch_019', 1998, 19, 'completed', 'wxpay', NULL, '2025-09-29 14:36:00', '2025-09-29 14:36:00'),
('order_000172', 'user_056', 'mch_013', 3227, 32, 'completed', 'wxpay', NULL, '2025-09-21 18:45:00', '2025-09-21 18:45:00'),
('order_000173', 'user_038', 'mch_014', 1167, 11, 'completed', 'wxpay', NULL, '2025-09-06 16:05:00', '2025-09-06 16:05:00'),
('order_000174', 'user_019', 'mch_010', 1360, 13, 'completed', 'wxpay', NULL, '2025-09-13 12:03:00', '2025-09-13 12:03:00'),
('order_000175', 'user_070', 'mch_018', 2322, 23, 'completed', 'wxpay', NULL, '2025-09-15 17:27:00', '2025-09-15 17:27:00'),
('order_000176', 'user_057', 'mch_007', 1267, 12, 'completed', 'wxpay', NULL, '2025-09-12 20:34:00', '2025-09-12 20:34:00'),
('order_000177', 'user_064', 'mch_001', 737, 7, 'completed', 'wxpay', NULL, '2025-09-02 16:38:00', '2025-09-02 16:38:00'),
('order_000178', 'user_005', 'mch_012', 1983, 19, 'completed', 'wxpay', NULL, '2025-09-12 22:29:00', '2025-09-12 22:29:00'),
('order_000179', 'user_053', 'mch_013', 20238, 202, 'completed', 'wxpay', NULL, '2025-09-04 22:03:00', '2025-09-04 22:03:00'),
('order_000180', 'user_013', 'mch_004', 2855, 28, 'completed', 'wxpay', NULL, '2025-09-19 11:35:00', '2025-09-19 11:35:00'),
('order_000181', 'user_047', 'mch_012', 4282, 42, 'pending', 'wxpay', NULL, '2025-09-22 18:26:00', '2025-09-22 18:26:00'),
('order_000182', 'user_046', 'mch_011', 833, 8, 'completed', 'wxpay', NULL, '2025-09-18 14:22:00', '2025-09-18 14:22:00'),
('order_000183', 'user_078', 'mch_003', 2656, 26, 'completed', 'wxpay', NULL, '2025-09-26 15:42:00', '2025-09-26 15:42:00'),
('order_000184', 'user_007', 'mch_010', 558, 5, 'completed', 'wxpay', NULL, '2025-09-14 14:15:00', '2025-09-14 14:15:00'),
('order_000185', 'user_079', 'mch_002', 2406, 24, 'completed', 'wxpay', NULL, '2025-09-01 11:42:00', '2025-09-01 11:42:00'),
('order_000186', 'user_033', 'mch_008', 4296, 42, 'completed', 'wxpay', NULL, '2025-09-26 14:42:00', '2025-09-26 14:42:00'),
('order_000187', 'user_027', 'mch_015', 2701, 27, 'completed', 'wxpay', NULL, '2025-09-03 18:04:00', '2025-09-03 18:04:00'),
('order_000188', 'user_097', 'mch_010', 4536, 45, 'completed', 'wxpay', NULL, '2025-09-22 15:42:00', '2025-09-22 15:42:00'),
('order_000189', 'user_077', 'mch_016', 547, 5, 'completed', 'wxpay', NULL, '2025-09-01 14:01:00', '2025-09-01 14:01:00'),
('order_000190', 'user_046', 'mch_018', 3399, 33, 'pending', 'wxpay', NULL, '2025-09-27 14:50:00', '2025-09-27 14:50:00'),
('order_000191', 'user_068', 'mch_017', 2793, 27, 'completed', 'wxpay', NULL, '2025-09-03 14:27:00', '2025-09-03 14:27:00'),
('order_000192', 'user_024', 'mch_014', 1712, 17, 'completed', 'wxpay', NULL, '2025-09-18 20:15:00', '2025-09-18 20:15:00'),
('order_000193', 'user_083', 'mch_005', 1653, 16, 'pending', 'wxpay', NULL, '2025-09-16 15:14:00', '2025-09-16 15:14:00'),
('order_000194', 'user_003', 'mch_005', 1454, 14, 'completed', 'wxpay', NULL, '2025-09-02 14:38:00', '2025-09-02 14:38:00'),
('order_000195', 'user_011', 'mch_008', 894, 8, 'completed', 'wxpay', NULL, '2025-09-19 21:40:00', '2025-09-19 21:40:00'),
('order_000196', 'user_094', 'mch_004', 9009, 90, 'completed', 'wxpay', NULL, '2025-09-27 15:55:00', '2025-09-27 15:55:00'),
('order_000197', 'user_066', 'mch_005', 884, 8, 'completed', 'wxpay', NULL, '2025-09-12 20:22:00', '2025-09-12 20:22:00'),
('order_000198', 'user_063', 'mch_017', 1373, 13, 'completed', 'wxpay', NULL, '2025-09-03 18:22:00', '2025-09-03 18:22:00'),
('order_000199', 'user_003', 'mch_001', 1124, 11, 'completed', 'wxpay', NULL, '2025-09-13 14:42:00', '2025-09-13 14:42:00'),
('order_000200', 'user_006', 'mch_004', 1381, 13, 'completed', 'wxpay', NULL, '2025-09-26 17:27:00', '2025-09-26 17:27:00');

SELECT '✅ 已插入200个支付订单' AS status;

-- ==========================================
-- 4. 插入积分记录
-- ==========================================

INSERT INTO point_records (id, user_id, type, points, order_id, description, created_at) VALUES
('point_000001', 'user_039', 'earn', 6, 'order_000001', '支付订单获得积分', '2025-09-26 13:46:00'),
('point_000002', 'user_072', 'earn', 31, 'order_000002', '支付订单获得积分', '2025-09-21 11:51:00'),
('point_000003', 'user_069', 'earn', 17, 'order_000003', '支付订单获得积分', '2025-09-28 09:19:00'),
('point_000005', 'user_013', 'earn', 24, 'order_000005', '支付订单获得积分', '2025-09-27 09:33:00'),
('point_000006', 'user_003', 'earn', 386, 'order_000006', '支付订单获得积分', '2025-09-25 13:50:00'),
('point_000007', 'user_067', 'earn', 36, 'order_000007', '支付订单获得积分', '2025-09-30 11:14:00'),
('point_000008', 'user_098', 'earn', 10, 'order_000008', '支付订单获得积分', '2025-09-21 21:19:00'),
('point_000009', 'user_072', 'earn', 74, 'order_000009', '支付订单获得积分', '2025-09-27 11:41:00'),
('point_000010', 'user_059', 'earn', 10, 'order_000010', '支付订单获得积分', '2025-09-18 11:06:00'),
('point_000011', 'user_084', 'earn', 21, 'order_000011', '支付订单获得积分', '2025-09-25 21:46:00'),
('point_000012', 'user_098', 'earn', 31, 'order_000012', '支付订单获得积分', '2025-09-30 14:04:00'),
('point_000013', 'user_064', 'earn', 17, 'order_000013', '支付订单获得积分', '2025-09-01 14:32:00'),
('point_000014', 'user_097', 'earn', 68, 'order_000014', '支付订单获得积分', '2025-09-20 18:58:00'),
('point_000015', 'user_080', 'earn', 22, 'order_000015', '支付订单获得积分', '2025-09-30 14:44:00'),
('point_000016', 'user_099', 'earn', 6, 'order_000016', '支付订单获得积分', '2025-09-30 19:50:00'),
('point_000017', 'user_086', 'earn', 9, 'order_000017', '支付订单获得积分', '2025-09-25 09:54:00'),
('point_000018', 'user_056', 'earn', 8, 'order_000018', '支付订单获得积分', '2025-09-08 15:59:00'),
('point_000019', 'user_043', 'earn', 26, 'order_000019', '支付订单获得积分', '2025-09-21 09:21:00'),
('point_000021', 'user_045', 'earn', 6, 'order_000021', '支付订单获得积分', '2025-09-01 17:14:00'),
('point_000022', 'user_053', 'earn', 12, 'order_000022', '支付订单获得积分', '2025-09-06 14:56:00'),
('point_000023', 'user_099', 'earn', 14, 'order_000023', '支付订单获得积分', '2025-09-06 09:31:00'),
('point_000024', 'user_025', 'earn', 44, 'order_000024', '支付订单获得积分', '2025-09-24 22:47:00'),
('point_000025', 'user_077', 'earn', 14, 'order_000025', '支付订单获得积分', '2025-09-15 13:36:00'),
('point_000027', 'user_083', 'earn', 40, 'order_000027', '支付订单获得积分', '2025-09-29 21:19:00'),
('point_000028', 'user_069', 'earn', 17, 'order_000028', '支付订单获得积分', '2025-09-20 09:37:00'),
('point_000029', 'user_023', 'earn', 6, 'order_000029', '支付订单获得积分', '2025-09-06 19:07:00'),
('point_000030', 'user_006', 'earn', 15, 'order_000030', '支付订单获得积分', '2025-09-30 19:08:00'),
('point_000031', 'user_015', 'earn', 7, 'order_000031', '支付订单获得积分', '2025-09-07 21:41:00'),
('point_000032', 'user_025', 'earn', 20, 'order_000032', '支付订单获得积分', '2025-09-17 13:17:00'),
('point_000033', 'user_090', 'earn', 9, 'order_000033', '支付订单获得积分', '2025-09-18 13:23:00'),
('point_000034', 'user_089', 'earn', 72, 'order_000034', '支付订单获得积分', '2025-09-15 20:09:00'),
('point_000035', 'user_071', 'earn', 5, 'order_000035', '支付订单获得积分', '2025-09-05 19:21:00'),
('point_000036', 'user_025', 'earn', 17, 'order_000036', '支付订单获得积分', '2025-09-25 10:23:00'),
('point_000037', 'user_081', 'earn', 48, 'order_000037', '支付订单获得积分', '2025-09-06 10:38:00'),
('point_000038', 'user_036', 'earn', 10, 'order_000038', '支付订单获得积分', '2025-09-30 17:39:00'),
('point_000039', 'user_018', 'earn', 49, 'order_000039', '支付订单获得积分', '2025-09-30 16:07:00'),
('point_000040', 'user_074', 'earn', 24, 'order_000040', '支付订单获得积分', '2025-09-30 11:53:00'),
('point_000041', 'user_058', 'earn', 15, 'order_000041', '支付订单获得积分', '2025-09-18 09:06:00'),
('point_000042', 'user_042', 'earn', 12, 'order_000042', '支付订单获得积分', '2025-09-09 11:20:00'),
('point_000044', 'user_049', 'earn', 27, 'order_000044', '支付订单获得积分', '2025-09-19 18:29:00'),
('point_000045', 'user_038', 'earn', 18, 'order_000045', '支付订单获得积分', '2025-09-15 11:17:00'),
('point_000046', 'user_024', 'earn', 22, 'order_000046', '支付订单获得积分', '2025-09-18 13:33:00'),
('point_000047', 'user_087', 'earn', 6, 'order_000047', '支付订单获得积分', '2025-09-15 20:21:00'),
('point_000048', 'user_088', 'earn', 26, 'order_000048', '支付订单获得积分', '2025-09-01 17:02:00'),
('point_000049', 'user_098', 'earn', 78, 'order_000049', '支付订单获得积分', '2025-09-05 16:41:00'),
('point_000050', 'user_026', 'earn', 98, 'order_000050', '支付订单获得积分', '2025-09-06 08:55:00'),
('point_000052', 'user_053', 'earn', 5, 'order_000052', '支付订单获得积分', '2025-09-29 09:51:00'),
('point_000053', 'user_032', 'earn', 9, 'order_000053', '支付订单获得积分', '2025-09-20 22:53:00'),
('point_000054', 'user_059', 'earn', 33, 'order_000054', '支付订单获得积分', '2025-09-16 16:23:00'),
('point_000055', 'user_033', 'earn', 16, 'order_000055', '支付订单获得积分', '2025-09-15 12:34:00'),
('point_000056', 'user_038', 'earn', 90, 'order_000056', '支付订单获得积分', '2025-09-28 18:47:00'),
('point_000057', 'user_007', 'earn', 12, 'order_000057', '支付订单获得积分', '2025-09-24 17:36:00'),
('point_000058', 'user_087', 'earn', 60, 'order_000058', '支付订单获得积分', '2025-09-09 15:12:00'),
('point_000059', 'user_082', 'earn', 11, 'order_000059', '支付订单获得积分', '2025-09-06 22:17:00'),
('point_000060', 'user_055', 'earn', 47, 'order_000060', '支付订单获得积分', '2025-09-18 14:39:00'),
('point_000061', 'user_011', 'earn', 39, 'order_000061', '支付订单获得积分', '2025-09-19 15:34:00'),
('point_000062', 'user_033', 'earn', 9, 'order_000062', '支付订单获得积分', '2025-09-16 09:34:00'),
('point_000063', 'user_007', 'earn', 31, 'order_000063', '支付订单获得积分', '2025-09-05 08:47:00'),
('point_000064', 'user_076', 'earn', 21, 'order_000064', '支付订单获得积分', '2025-09-20 14:00:00'),
('point_000065', 'user_062', 'earn', 92, 'order_000065', '支付订单获得积分', '2025-09-17 11:22:00'),
('point_000066', 'user_100', 'earn', 6, 'order_000066', '支付订单获得积分', '2025-09-17 20:17:00'),
('point_000067', 'user_069', 'earn', 14, 'order_000067', '支付订单获得积分', '2025-09-12 11:15:00'),
('point_000068', 'user_015', 'earn', 52, 'order_000068', '支付订单获得积分', '2025-09-22 18:37:00'),
('point_000069', 'user_095', 'earn', 84, 'order_000069', '支付订单获得积分', '2025-09-20 17:09:00'),
('point_000070', 'user_092', 'earn', 18, 'order_000070', '支付订单获得积分', '2025-09-30 09:50:00'),
('point_000072', 'user_067', 'earn', 17, 'order_000072', '支付订单获得积分', '2025-09-21 19:24:00'),
('point_000073', 'user_061', 'earn', 13, 'order_000073', '支付订单获得积分', '2025-09-08 20:06:00'),
('point_000074', 'user_094', 'earn', 43, 'order_000074', '支付订单获得积分', '2025-09-25 22:03:00'),
('point_000075', 'user_031', 'earn', 6, 'order_000075', '支付订单获得积分', '2025-09-04 14:04:00'),
('point_000076', 'user_084', 'earn', 12, 'order_000076', '支付订单获得积分', '2025-09-13 17:02:00'),
('point_000077', 'user_040', 'earn', 52, 'order_000077', '支付订单获得积分', '2025-09-29 14:39:00'),
('point_000078', 'user_062', 'earn', 7, 'order_000078', '支付订单获得积分', '2025-09-06 22:49:00'),
('point_000079', 'user_003', 'earn', 17, 'order_000079', '支付订单获得积分', '2025-09-26 21:32:00'),
('point_000080', 'user_067', 'earn', 44, 'order_000080', '支付订单获得积分', '2025-09-13 20:37:00'),
('point_000081', 'user_013', 'earn', 11, 'order_000081', '支付订单获得积分', '2025-09-15 12:28:00'),
('point_000082', 'user_003', 'earn', 13, 'order_000082', '支付订单获得积分', '2025-09-10 10:59:00'),
('point_000083', 'user_020', 'earn', 6, 'order_000083', '支付订单获得积分', '2025-09-16 08:07:00'),
('point_000084', 'user_033', 'earn', 9, 'order_000084', '支付订单获得积分', '2025-09-20 12:37:00'),
('point_000085', 'user_043', 'earn', 47, 'order_000085', '支付订单获得积分', '2025-09-24 09:02:00'),
('point_000087', 'user_031', 'earn', 8, 'order_000087', '支付订单获得积分', '2025-09-01 13:48:00'),
('point_000088', 'user_045', 'earn', 8, 'order_000088', '支付订单获得积分', '2025-09-28 11:02:00'),
('point_000089', 'user_028', 'earn', 5, 'order_000089', '支付订单获得积分', '2025-09-11 20:19:00'),
('point_000090', 'user_022', 'earn', 36, 'order_000090', '支付订单获得积分', '2025-09-20 19:47:00'),
('point_000091', 'user_095', 'earn', 46, 'order_000091', '支付订单获得积分', '2025-09-28 08:50:00'),
('point_000092', 'user_023', 'earn', 7, 'order_000092', '支付订单获得积分', '2025-09-04 11:10:00'),
('point_000093', 'user_051', 'earn', 30, 'order_000093', '支付订单获得积分', '2025-09-12 10:11:00'),
('point_000094', 'user_056', 'earn', 32, 'order_000094', '支付订单获得积分', '2025-09-08 16:42:00'),
('point_000095', 'user_011', 'earn', 10, 'order_000095', '支付订单获得积分', '2025-09-08 21:34:00'),
('point_000097', 'user_089', 'earn', 12, 'order_000097', '支付订单获得积分', '2025-09-29 17:44:00'),
('point_000098', 'user_094', 'earn', 18, 'order_000098', '支付订单获得积分', '2025-09-24 10:13:00'),
('point_000099', 'user_074', 'earn', 94, 'order_000099', '支付订单获得积分', '2025-09-04 11:34:00'),
('point_000100', 'user_042', 'earn', 91, 'order_000100', '支付订单获得积分', '2025-09-28 10:16:00'),
('point_000101', 'user_007', 'earn', 16, 'order_000101', '支付订单获得积分', '2025-09-17 22:45:00'),
('point_000102', 'user_009', 'earn', 15, 'order_000102', '支付订单获得积分', '2025-09-27 18:31:00'),
('point_000103', 'user_033', 'earn', 334, 'order_000103', '支付订单获得积分', '2025-09-17 18:43:00'),
('point_000104', 'user_091', 'earn', 30, 'order_000104', '支付订单获得积分', '2025-09-06 10:20:00'),
('point_000105', 'user_024', 'earn', 25, 'order_000105', '支付订单获得积分', '2025-09-10 09:25:00'),
('point_000106', 'user_094', 'earn', 59, 'order_000106', '支付订单获得积分', '2025-09-26 13:42:00'),
('point_000107', 'user_040', 'earn', 13, 'order_000107', '支付订单获得积分', '2025-09-09 08:02:00'),
('point_000108', 'user_002', 'earn', 78, 'order_000108', '支付订单获得积分', '2025-09-13 17:21:00'),
('point_000109', 'user_089', 'earn', 19, 'order_000109', '支付订单获得积分', '2025-09-04 18:19:00'),
('point_000110', 'user_100', 'earn', 37, 'order_000110', '支付订单获得积分', '2025-09-11 12:48:00'),
('point_000111', 'user_034', 'earn', 14, 'order_000111', '支付订单获得积分', '2025-09-06 16:53:00'),
('point_000112', 'user_030', 'earn', 25, 'order_000112', '支付订单获得积分', '2025-09-20 21:10:00'),
('point_000113', 'user_049', 'earn', 5, 'order_000113', '支付订单获得积分', '2025-09-21 09:48:00'),
('point_000114', 'user_016', 'earn', 55, 'order_000114', '支付订单获得积分', '2025-09-26 14:25:00'),
('point_000115', 'user_001', 'earn', 41, 'order_000115', '支付订单获得积分', '2025-09-26 10:06:00'),
('point_000116', 'user_048', 'earn', 19, 'order_000116', '支付订单获得积分', '2025-09-26 15:29:00'),
('point_000117', 'user_020', 'earn', 14, 'order_000117', '支付订单获得积分', '2025-09-03 19:17:00'),
('point_000118', 'user_072', 'earn', 388, 'order_000118', '支付订单获得积分', '2025-09-21 16:13:00'),
('point_000119', 'user_013', 'earn', 5, 'order_000119', '支付订单获得积分', '2025-09-10 17:47:00'),
('point_000120', 'user_050', 'earn', 5, 'order_000120', '支付订单获得积分', '2025-09-09 21:06:00'),
('point_000121', 'user_030', 'earn', 21, 'order_000121', '支付订单获得积分', '2025-09-12 10:58:00'),
('point_000122', 'user_053', 'earn', 95, 'order_000122', '支付订单获得积分', '2025-09-11 09:01:00'),
('point_000123', 'user_067', 'earn', 11, 'order_000123', '支付订单获得积分', '2025-09-30 12:28:00'),
('point_000124', 'user_098', 'earn', 6, 'order_000124', '支付订单获得积分', '2025-09-01 15:36:00'),
('point_000125', 'user_009', 'earn', 17, 'order_000125', '支付订单获得积分', '2025-09-01 20:47:00'),
('point_000126', 'user_029', 'earn', 84, 'order_000126', '支付订单获得积分', '2025-09-16 17:47:00'),
('point_000127', 'user_098', 'earn', 32, 'order_000127', '支付订单获得积分', '2025-09-17 11:38:00'),
('point_000128', 'user_063', 'earn', 86, 'order_000128', '支付订单获得积分', '2025-09-16 13:59:00'),
('point_000129', 'user_047', 'earn', 5, 'order_000129', '支付订单获得积分', '2025-09-01 13:05:00'),
('point_000130', 'user_040', 'earn', 15, 'order_000130', '支付订单获得积分', '2025-09-09 18:41:00'),
('point_000131', 'user_011', 'earn', 44, 'order_000131', '支付订单获得积分', '2025-09-11 10:29:00'),
('point_000132', 'user_094', 'earn', 11, 'order_000132', '支付订单获得积分', '2025-09-06 18:24:00'),
('point_000134', 'user_093', 'earn', 10, 'order_000134', '支付订单获得积分', '2025-09-05 20:39:00'),
('point_000135', 'user_062', 'earn', 48, 'order_000135', '支付订单获得积分', '2025-09-17 15:14:00'),
('point_000137', 'user_095', 'earn', 21, 'order_000137', '支付订单获得积分', '2025-09-22 12:40:00'),
('point_000138', 'user_060', 'earn', 30, 'order_000138', '支付订单获得积分', '2025-09-26 18:29:00'),
('point_000139', 'user_019', 'earn', 28, 'order_000139', '支付订单获得积分', '2025-09-20 15:08:00'),
('point_000140', 'user_029', 'earn', 38, 'order_000140', '支付订单获得积分', '2025-09-04 16:42:00'),
('point_000141', 'user_049', 'earn', 10, 'order_000141', '支付订单获得积分', '2025-09-04 21:26:00'),
('point_000142', 'user_096', 'earn', 5, 'order_000142', '支付订单获得积分', '2025-09-03 10:56:00'),
('point_000143', 'user_014', 'earn', 14, 'order_000143', '支付订单获得积分', '2025-09-05 17:39:00'),
('point_000144', 'user_082', 'earn', 5, 'order_000144', '支付订单获得积分', '2025-09-19 13:09:00'),
('point_000145', 'user_008', 'earn', 14, 'order_000145', '支付订单获得积分', '2025-09-19 10:26:00'),
('point_000146', 'user_069', 'earn', 12, 'order_000146', '支付订单获得积分', '2025-09-23 10:10:00'),
('point_000147', 'user_074', 'earn', 19, 'order_000147', '支付订单获得积分', '2025-09-16 14:31:00'),
('point_000148', 'user_074', 'earn', 6, 'order_000148', '支付订单获得积分', '2025-09-15 16:43:00'),
('point_000149', 'user_064', 'earn', 40, 'order_000149', '支付订单获得积分', '2025-09-24 20:05:00'),
('point_000150', 'user_007', 'earn', 17, 'order_000150', '支付订单获得积分', '2025-09-26 11:55:00'),
('point_000151', 'user_040', 'earn', 78, 'order_000151', '支付订单获得积分', '2025-09-14 19:38:00'),
('point_000152', 'user_027', 'earn', 38, 'order_000152', '支付订单获得积分', '2025-09-06 15:07:00'),
('point_000153', 'user_090', 'earn', 18, 'order_000153', '支付订单获得积分', '2025-09-07 09:13:00'),
('point_000154', 'user_075', 'earn', 98, 'order_000154', '支付订单获得积分', '2025-09-07 21:00:00'),
('point_000155', 'user_014', 'earn', 49, 'order_000155', '支付订单获得积分', '2025-09-17 12:03:00'),
('point_000157', 'user_049', 'earn', 21, 'order_000157', '支付订单获得积分', '2025-09-07 10:13:00'),
('point_000158', 'user_042', 'earn', 19, 'order_000158', '支付订单获得积分', '2025-09-17 08:33:00'),
('point_000159', 'user_094', 'earn', 12, 'order_000159', '支付订单获得积分', '2025-09-26 09:56:00'),
('point_000160', 'user_004', 'earn', 28, 'order_000160', '支付订单获得积分', '2025-09-19 14:51:00'),
('point_000161', 'user_071', 'earn', 16, 'order_000161', '支付订单获得积分', '2025-09-09 19:59:00'),
('point_000162', 'user_017', 'earn', 20, 'order_000162', '支付订单获得积分', '2025-09-21 16:06:00'),
('point_000163', 'user_013', 'earn', 51, 'order_000163', '支付订单获得积分', '2025-09-07 21:39:00'),
('point_000164', 'user_010', 'earn', 7, 'order_000164', '支付订单获得积分', '2025-09-11 21:50:00'),
('point_000165', 'user_011', 'earn', 18, 'order_000165', '支付订单获得积分', '2025-09-28 08:12:00'),
('point_000166', 'user_007', 'earn', 33, 'order_000166', '支付订单获得积分', '2025-09-24 20:10:00'),
('point_000167', 'user_068', 'earn', 29, 'order_000167', '支付订单获得积分', '2025-09-27 11:44:00'),
('point_000168', 'user_055', 'earn', 14, 'order_000168', '支付订单获得积分', '2025-09-15 08:44:00'),
('point_000169', 'user_025', 'earn', 40, 'order_000169', '支付订单获得积分', '2025-09-09 17:48:00'),
('point_000170', 'user_015', 'earn', 17, 'order_000170', '支付订单获得积分', '2025-09-05 09:21:00'),
('point_000171', 'user_071', 'earn', 19, 'order_000171', '支付订单获得积分', '2025-09-29 14:36:00'),
('point_000172', 'user_056', 'earn', 32, 'order_000172', '支付订单获得积分', '2025-09-21 18:45:00'),
('point_000173', 'user_038', 'earn', 11, 'order_000173', '支付订单获得积分', '2025-09-06 16:05:00'),
('point_000174', 'user_019', 'earn', 13, 'order_000174', '支付订单获得积分', '2025-09-13 12:03:00'),
('point_000175', 'user_070', 'earn', 23, 'order_000175', '支付订单获得积分', '2025-09-15 17:27:00'),
('point_000176', 'user_057', 'earn', 12, 'order_000176', '支付订单获得积分', '2025-09-12 20:34:00'),
('point_000177', 'user_064', 'earn', 7, 'order_000177', '支付订单获得积分', '2025-09-02 16:38:00'),
('point_000178', 'user_005', 'earn', 19, 'order_000178', '支付订单获得积分', '2025-09-12 22:29:00'),
('point_000179', 'user_053', 'earn', 202, 'order_000179', '支付订单获得积分', '2025-09-04 22:03:00'),
('point_000180', 'user_013', 'earn', 28, 'order_000180', '支付订单获得积分', '2025-09-19 11:35:00'),
('point_000182', 'user_046', 'earn', 8, 'order_000182', '支付订单获得积分', '2025-09-18 14:22:00'),
('point_000183', 'user_078', 'earn', 26, 'order_000183', '支付订单获得积分', '2025-09-26 15:42:00'),
('point_000184', 'user_007', 'earn', 5, 'order_000184', '支付订单获得积分', '2025-09-14 14:15:00'),
('point_000185', 'user_079', 'earn', 24, 'order_000185', '支付订单获得积分', '2025-09-01 11:42:00'),
('point_000186', 'user_033', 'earn', 42, 'order_000186', '支付订单获得积分', '2025-09-26 14:42:00'),
('point_000187', 'user_027', 'earn', 27, 'order_000187', '支付订单获得积分', '2025-09-03 18:04:00'),
('point_000188', 'user_097', 'earn', 45, 'order_000188', '支付订单获得积分', '2025-09-22 15:42:00'),
('point_000189', 'user_077', 'earn', 5, 'order_000189', '支付订单获得积分', '2025-09-01 14:01:00'),
('point_000191', 'user_068', 'earn', 27, 'order_000191', '支付订单获得积分', '2025-09-03 14:27:00'),
('point_000192', 'user_024', 'earn', 17, 'order_000192', '支付订单获得积分', '2025-09-18 20:15:00'),
('point_000194', 'user_003', 'earn', 14, 'order_000194', '支付订单获得积分', '2025-09-02 14:38:00'),
('point_000195', 'user_011', 'earn', 8, 'order_000195', '支付订单获得积分', '2025-09-19 21:40:00'),
('point_000196', 'user_094', 'earn', 90, 'order_000196', '支付订单获得积分', '2025-09-27 15:55:00'),
('point_000197', 'user_066', 'earn', 8, 'order_000197', '支付订单获得积分', '2025-09-12 20:22:00'),
('point_000198', 'user_063', 'earn', 13, 'order_000198', '支付订单获得积分', '2025-09-03 18:22:00'),
('point_000199', 'user_003', 'earn', 11, 'order_000199', '支付订单获得积分', '2025-09-13 14:42:00'),
('point_000200', 'user_006', 'earn', 13, 'order_000200', '支付订单获得积分', '2025-09-26 17:27:00');

SELECT '✅ 已插入186条积分记录' AS status;

-- ==========================================
-- 5. 插入用户积分汇总
-- ==========================================

INSERT INTO user_points (user_id, available_points, total_earned, total_spent, monthly_earned, updated_at) VALUES
('user_039', 6, 6, 0, 2, '2025-09-27 08:26:00'),
('user_072', 493, 493, 0, 138, '2025-09-22 16:19:00'),
('user_069', 60, 60, 0, 19, '2025-09-20 19:23:00'),
('user_013', 119, 119, 0, 55, '2025-09-26 18:41:00'),
('user_003', 441, 441, 0, 149, '2025-09-28 13:34:00'),
('user_067', 108, 108, 0, 25, '2025-09-25 10:00:00'),
('user_098', 157, 157, 0, 40, '2025-09-28 15:22:00'),
('user_059', 43, 43, 0, 11, '2025-09-22 09:00:00'),
('user_084', 33, 33, 0, 8, '2025-09-27 21:00:00'),
('user_064', 64, 64, 0, 29, '2025-09-25 17:45:00'),
('user_097', 113, 113, 0, 32, '2025-09-23 22:14:00'),
('user_080', 22, 22, 0, 5, '2025-09-26 13:43:00'),
('user_099', 20, 20, 0, 4, '2025-09-28 11:46:00'),
('user_086', 9, 9, 0, 4, '2025-09-22 11:05:00'),
('user_056', 72, 72, 0, 26, '2025-09-23 21:56:00'),
('user_043', 73, 73, 0, 31, '2025-09-29 09:53:00'),
('user_045', 14, 14, 0, 6, '2025-09-21 16:27:00'),
('user_053', 314, 314, 0, 145, '2025-09-24 08:30:00'),
('user_025', 121, 121, 0, 59, '2025-09-30 18:20:00'),
('user_077', 19, 19, 0, 5, '2025-09-20 22:07:00'),
('user_083', 40, 40, 0, 10, '2025-09-23 19:28:00'),
('user_023', 13, 13, 0, 6, '2025-09-20 09:19:00'),
('user_006', 28, 28, 0, 8, '2025-09-20 22:38:00'),
('user_015', 76, 76, 0, 36, '2025-09-28 21:38:00'),
('user_090', 27, 27, 0, 9, '2025-09-25 16:22:00'),
('user_089', 103, 103, 0, 43, '2025-09-30 22:04:00'),
('user_071', 40, 40, 0, 11, '2025-09-23 13:53:00'),
('user_081', 48, 48, 0, 15, '2025-09-24 11:55:00'),
('user_036', 10, 10, 0, 4, '2025-09-21 19:18:00'),
('user_018', 49, 49, 0, 11, '2025-09-29 19:32:00'),
('user_074', 143, 143, 0, 35, '2025-09-24 15:51:00'),
('user_058', 15, 15, 0, 4, '2025-09-26 20:23:00'),
('user_042', 122, 122, 0, 42, '2025-09-26 20:08:00'),
('user_049', 63, 63, 0, 18, '2025-09-25 16:22:00'),
('user_038', 119, 119, 0, 32, '2025-09-25 16:23:00'),
('user_024', 64, 64, 0, 21, '2025-09-26 15:14:00'),
('user_087', 66, 66, 0, 24, '2025-09-29 16:18:00'),
('user_088', 26, 26, 0, 6, '2025-09-29 15:30:00'),
('user_026', 98, 98, 0, 27, '2025-09-27 17:52:00'),
('user_032', 9, 9, 0, 2, '2025-09-26 13:48:00'),
('user_033', 410, 410, 0, 144, '2025-09-20 19:06:00'),
('user_007', 114, 114, 0, 25, '2025-09-21 09:33:00'),
('user_082', 16, 16, 0, 5, '2025-09-24 22:34:00'),
('user_055', 61, 61, 0, 21, '2025-09-29 15:23:00'),
('user_011', 119, 119, 0, 51, '2025-09-30 18:42:00'),
('user_076', 21, 21, 0, 7, '2025-09-21 22:11:00'),
('user_062', 147, 147, 0, 49, '2025-09-26 21:48:00'),
('user_100', 43, 43, 0, 9, '2025-09-20 13:58:00'),
('user_095', 151, 151, 0, 46, '2025-09-21 22:51:00'),
('user_092', 18, 18, 0, 3, '2025-09-26 13:31:00'),
('user_061', 13, 13, 0, 4, '2025-09-25 19:54:00'),
('user_094', 233, 233, 0, 105, '2025-09-25 21:56:00'),
('user_031', 14, 14, 0, 3, '2025-09-28 08:06:00'),
('user_040', 158, 158, 0, 40, '2025-09-22 16:22:00'),
('user_020', 20, 20, 0, 8, '2025-09-20 14:45:00'),
('user_028', 5, 5, 0, 2, '2025-09-28 12:49:00'),
('user_022', 36, 36, 0, 16, '2025-09-26 11:45:00'),
('user_051', 30, 30, 0, 11, '2025-09-28 19:24:00'),
('user_009', 32, 32, 0, 15, '2025-09-27 16:18:00'),
('user_091', 30, 30, 0, 14, '2025-09-24 13:20:00'),
('user_002', 78, 78, 0, 25, '2025-09-30 19:36:00'),
('user_034', 14, 14, 0, 5, '2025-09-30 13:27:00'),
('user_030', 46, 46, 0, 20, '2025-09-30 20:17:00'),
('user_016', 55, 55, 0, 24, '2025-09-20 09:09:00'),
('user_001', 41, 41, 0, 10, '2025-09-23 18:44:00'),
('user_048', 19, 19, 0, 8, '2025-09-29 18:56:00'),
('user_050', 5, 5, 0, 1, '2025-09-23 13:05:00'),
('user_029', 122, 122, 0, 54, '2025-09-26 17:21:00'),
('user_063', 99, 99, 0, 22, '2025-09-26 20:28:00'),
('user_047', 5, 5, 0, 2, '2025-09-22 20:10:00'),
('user_093', 10, 10, 0, 4, '2025-09-28 11:12:00'),
('user_060', 30, 30, 0, 12, '2025-09-27 08:15:00'),
('user_019', 41, 41, 0, 13, '2025-09-30 16:31:00'),
('user_096', 5, 5, 0, 1, '2025-09-27 10:32:00'),
('user_014', 63, 63, 0, 13, '2025-09-24 09:40:00'),
('user_008', 14, 14, 0, 4, '2025-09-21 13:20:00'),
('user_027', 65, 65, 0, 23, '2025-09-29 10:05:00'),
('user_075', 98, 98, 0, 42, '2025-09-25 14:25:00'),
('user_004', 28, 28, 0, 8, '2025-09-30 09:00:00'),
('user_017', 20, 20, 0, 6, '2025-09-22 12:43:00'),
('user_010', 7, 7, 0, 2, '2025-09-25 17:51:00'),
('user_068', 56, 56, 0, 24, '2025-09-26 15:55:00'),
('user_070', 23, 23, 0, 5, '2025-09-28 15:55:00'),
('user_057', 12, 12, 0, 3, '2025-09-25 10:40:00'),
('user_005', 19, 19, 0, 3, '2025-09-30 16:35:00'),
('user_046', 8, 8, 0, 1, '2025-09-21 08:53:00'),
('user_078', 26, 26, 0, 8, '2025-09-29 20:05:00'),
('user_079', 24, 24, 0, 7, '2025-09-20 13:39:00'),
('user_066', 8, 8, 0, 2, '2025-09-30 13:31:00');

SELECT '✅ 已插入89个用户的积分汇总' AS status;

-- ==========================================
-- 6. 数据统计信息
-- ==========================================

SELECT 
    '数据生成完成' AS message,
    (SELECT COUNT(*) FROM users) AS total_users,
    (SELECT COUNT(*) FROM merchants) AS total_merchants,
    (SELECT COUNT(*) FROM payment_orders) AS total_orders,
    (SELECT COUNT(*) FROM point_records) AS total_point_records,
    (SELECT COUNT(*) FROM user_points) AS total_user_points,
    (SELECT SUM(amount)/100 FROM payment_orders WHERE status='completed') AS total_revenue_yuan,
    (SELECT SUM(points_earned) FROM payment_orders WHERE status='completed') AS total_points_issued;
