-- ==========================================
-- 真实模拟数据 - 完全适配服务器表结构
-- 生成时间: 2025-09-30 21:23:40
-- 数据库: points_app_dev
-- ==========================================

USE points_app_dev;

-- 清空现有测试数据
SET FOREIGN_KEY_CHECKS = 0;
TRUNCATE TABLE points_records;
TRUNCATE TABLE user_points;
TRUNCATE TABLE payment_orders;
TRUNCATE TABLE merchants;
TRUNCATE TABLE users;
SET FOREIGN_KEY_CHECKS = 1;

-- 插入 100 个用户
INSERT INTO users (id, wechat_id, nickname, avatar, phone, created_at) VALUES
('user_00001', 'oXEzzXgWO0eAkti72FlolepJRTYl', '陈秀梅', 'https://api.multiavatar.com/19.png', NULL, '2025-05-23 08:42:31'),
('user_00002', 'oHpOhTDWp99gSmqrheAnyPKiTuh6', '何海燕', 'https://api.multiavatar.com/21.png', '15125383164', '2025-04-17 18:45:22'),
('user_00003', 'oKUcT7B5uNF6edTOVVCwQdqPFt8g', '吕秀珍', 'https://api.multiavatar.com/52.png', '15706575946', '2025-09-17 19:10:47'),
('user_00004', 'oNQH1lKg8GE7mY7kgQPqKC7TdDfk', '蔡丽娟', 'https://api.multiavatar.com/48.png', '18013480412', '2025-06-07 12:32:15'),
('user_00005', 'oIH1wscjJ56IfeN1YwErwkI3gf9s', '叶建华', 'https://api.multiavatar.com/40.png', NULL, '2025-09-02 18:08:37'),
('user_00006', 'oMZZGGOlldblmA8bGgDw2inWF8f0', '邓建华', 'https://api.multiavatar.com/75.png', '18654122652', '2025-04-12 01:27:06'),
('user_00007', 'opgzTrV2afPtElQ6lDB4YqLqGp2Z', '黄勇', 'https://api.multiavatar.com/16.png', '13535886098', '2025-08-31 12:39:02'),
('user_00008', 'oV5s4B1HGw56fM3NIo57B0MffH4F', '高雪梅', 'https://api.multiavatar.com/45.png', '13470414044', '2025-07-03 22:23:40'),
('user_00009', 'oPpheEo9iDK57BCnlfRVrKMwyDUd', '叶伟', 'https://api.multiavatar.com/61.png', '15557485695', '2025-08-13 23:08:54'),
('user_00010', 'oDlyYMINz4eSFR8psmkGxRTnp6pi', '何海燕', 'https://api.multiavatar.com/61.png', NULL, '2025-06-17 23:30:01'),
('user_00011', 'oWtu63eP4iodGzOk8BZLObaw19gv', '魏建华', 'https://api.multiavatar.com/68.png', NULL, '2025-05-27 06:02:17'),
('user_00012', 'oOutP5JWxRW4VnkbRcEM7gRGmgCV', '杜强', 'https://api.multiavatar.com/75.png', '15786398192', '2025-04-03 18:25:52'),
('user_00013', 'o2xzbBDWQ7kWpKdN6XCoJO1bwmsM', '肖桂英', 'https://api.multiavatar.com/14.png', '15877725860', '2025-04-11 09:27:35'),
('user_00014', 'ou5uEdVEtYkuKzkCvKtUXrP51qM5', '王海燕', 'https://api.multiavatar.com/49.png', '15611380275', '2025-09-09 16:23:53'),
('user_00015', 'oxIArcsCT8WwFJuSXcJ7ishr0uJG', '赵娟', 'https://api.multiavatar.com/78.png', '15125434021', '2025-08-12 01:34:42'),
('user_00016', 'oGay6J6p6aGTjJyV9BE9PvDZCdrf', '曾磊', 'https://api.multiavatar.com/2.png', '15632701861', '2025-09-01 12:20:05'),
('user_00017', 'oQhVilo4x1T185eRV2N5LW4HnP44', '李强', 'https://api.multiavatar.com/92.png', NULL, '2025-08-04 13:10:35'),
('user_00018', 'oPe7AC9t9UbPiblxywIbZFcVnRAo', '杜桂荣', 'https://api.multiavatar.com/36.png', '15524236992', '2025-08-03 09:51:00'),
('user_00019', 'ogXQ0Y0F53i3h6rMPAjsMllQyqay', '罗秀珍', 'https://api.multiavatar.com/59.png', '13007853413', '2025-06-11 13:31:53'),
('user_00020', 'oz78IFSnsb1Ea60MA5JI2jlBISAC', '肖丽娟', 'https://api.multiavatar.com/94.png', NULL, '2025-09-06 02:30:01'),
('user_00021', 'oICpOxqVWhLVieCJyI1Sho7m5yET', '吕芳', 'https://api.multiavatar.com/39.png', NULL, '2025-04-07 10:04:05'),
('user_00022', 'oxGqZnwo1IBA8ofXlpUAiQFlYLts', '吴娜', 'https://api.multiavatar.com/60.png', '18025075394', '2025-07-26 13:21:08'),
('user_00023', 'oUQHzMqwAgIliqrTAlcYNo9jlO0q', '何秀荣', 'https://api.multiavatar.com/23.png', '18590946768', '2025-08-04 19:46:46'),
('user_00024', 'o7LfI7wHrafqMxKGatJ3U1vt3qge', '苏海燕', 'https://api.multiavatar.com/19.png', '13856445998', '2025-05-11 17:36:43'),
('user_00025', 'oayC0APPmvHK8niiipIV2I3ROlB9', '宋玉兰', 'https://api.multiavatar.com/10.png', '15580510051', '2025-04-06 00:16:07'),
('user_00026', 'oKNxIYJgJvCKSStimlCN2INytBKx', '高秀珍', 'https://api.multiavatar.com/41.png', NULL, '2025-06-27 06:03:59'),
('user_00027', 'os6OhlPdS8smda9ZpCGNRW0fV4ZJ', '袁敏', 'https://api.multiavatar.com/93.png', NULL, '2025-09-05 19:11:57'),
('user_00028', 'o8PgJVQU0PJ8N6mfmmoz6vEqUV4Y', '林洋', 'https://api.multiavatar.com/43.png', NULL, '2025-04-03 02:43:43'),
('user_00029', 'okowmIE8qhYPJe0z9TViqjSpn9At', '蔡建军', 'https://api.multiavatar.com/96.png', NULL, '2025-06-18 21:57:12'),
('user_00030', 'oyadqq4Fwk3fHPTG6nEjprSA6pLa', '韩丽', 'https://api.multiavatar.com/52.png', NULL, '2025-09-04 01:33:22'),
('user_00031', 'ouhBWxeFVQUMdM09aIQ0OjJoesPs', '张建国', 'https://api.multiavatar.com/58.png', '18128419831', '2025-08-17 09:54:27'),
('user_00032', 'owTMZpkjfmPp8xmMsxNBQd8UV0Md', '张霞', 'https://api.multiavatar.com/84.png', '15699730325', '2025-08-13 23:34:36'),
('user_00033', 'oPWWRZ7cznTj5MDYb8BEQ1fYVRfc', '徐磊', 'https://api.multiavatar.com/33.png', '13000027761', '2025-08-18 19:02:49'),
('user_00034', 'oW1a8Avw9XKqxiPMld9XJpOhpJKk', '林丽', 'https://api.multiavatar.com/15.png', NULL, '2025-06-23 05:12:33'),
('user_00035', 'oHktQH7NWwmgBPUTH3SbtqpyM1nw', '孙丽华', 'https://api.multiavatar.com/28.png', '18717129387', '2025-08-27 15:24:57'),
('user_00036', 'oKrEMqOpDdbMJopvzHxuFnclDZJq', '丁涛', 'https://api.multiavatar.com/82.png', NULL, '2025-09-21 15:56:53'),
('user_00037', 'oCs5bzIvetFK2ZSk1MSPPjtYU93f', '郭建华', 'https://api.multiavatar.com/13.png', '15699296398', '2025-06-29 15:41:14'),
('user_00038', 'oGvHFur1xTLDC8aWaITJGqHeGoSI', '李刚', 'https://api.multiavatar.com/27.png', '18693185681', '2025-05-09 21:25:01'),
('user_00039', 'o6hS1NDj07H2aNalUO6VqaUbGnbc', '李秀荣', 'https://api.multiavatar.com/67.png', '13351069215', '2025-05-13 23:41:27'),
('user_00040', 'oEjNAtVAbHhJ6o8nLTCEohFFtgB6', '肖秀荣', 'https://api.multiavatar.com/9.png', '18313138499', '2025-08-14 00:18:45'),
('user_00041', 'ot11agx9sislX3Wpo6L9sis7KQZf', '程强', 'https://api.multiavatar.com/26.png', '18132493471', '2025-09-15 19:41:08'),
('user_00042', 'oi1uPCf4Oyd5KduYw5kdSPFE05js', '苏丽娟', 'https://api.multiavatar.com/22.png', '13505232796', '2025-04-23 21:19:39'),
('user_00043', 'oZDTMPBwegsabLLzBDrNmKb0eYcl', '杜娜', 'https://api.multiavatar.com/44.png', '13325923467', '2025-07-30 12:16:45'),
('user_00044', 'oiGMSgDMXKOLfoMJfDA3iGmxRIr1', '邓霞', 'https://api.multiavatar.com/64.png', '18371282302', '2025-07-18 17:02:19'),
('user_00045', 'oLlUx7YQtmtUeOI9b1p6uiXlNVir', '董丽', 'https://api.multiavatar.com/76.png', NULL, '2025-09-08 06:54:32'),
('user_00046', 'oMBSGwWkc48X3zxR7kLnQiB7rHVv', '袁丽', 'https://api.multiavatar.com/32.png', '15393185608', '2025-06-19 10:38:40'),
('user_00047', 'oFyrCzXLdVG7LObgF2y8Bfhup7Fw', '林军', 'https://api.multiavatar.com/75.png', '18858882296', '2025-07-26 19:11:24'),
('user_00048', 'owE7FZruEqWasX15LEb1boc4mI0h', '林敏', 'https://api.multiavatar.com/85.png', '18915102983', '2025-06-05 19:41:38'),
('user_00049', 'o4wcTNwY4x5N5SGJjvhCzSyPIJIB', '蒋海燕', 'https://api.multiavatar.com/48.png', '13485915011', '2025-05-03 23:56:27'),
('user_00050', 'ohBNQldZW9L2YNpweXcLgugXGh7f', '谢强', 'https://api.multiavatar.com/20.png', '13636638020', '2025-08-08 15:35:22'),
('user_00051', 'oj6fbL8LbENWwUn6vsAjSZNXW7KC', '刘勇', 'https://api.multiavatar.com/94.png', '18215312746', '2025-07-01 15:01:11'),
('user_00052', 'oT28wPwGML7sGWoyKANyzQOg9GsY', '邓强', 'https://api.multiavatar.com/49.png', '18630077688', '2025-04-25 09:07:26'),
('user_00053', 'o8TSPyq41xf5fyKTAxx9AU2SY2Bv', '谢杰', 'https://api.multiavatar.com/14.png', NULL, '2025-04-26 18:41:54'),
('user_00054', 'oWWIAGli3UjtkLQtHxAcRd0RtZYu', '陈海燕', 'https://api.multiavatar.com/72.png', '15038092251', '2025-06-26 19:59:54'),
('user_00055', 'oX0Nm3VRU1PpSTvlxgziEeyZw00q', '郑艳', 'https://api.multiavatar.com/14.png', NULL, '2025-07-01 05:06:15'),
('user_00056', 'o7pKFAAAPHQpr3ZevdTmzMwHcQgU', '魏桂珍', 'https://api.multiavatar.com/19.png', NULL, '2025-04-21 19:02:21'),
('user_00057', 'o3kDby5AJXAS0Iq3nN04YFunQ67u', '曹桂兰', 'https://api.multiavatar.com/26.png', '13865752658', '2025-08-07 16:02:36'),
('user_00058', 'o6PesAHPkSZ9DJnL3OufqOt6o4zg', '吴芳', 'https://api.multiavatar.com/82.png', '13439276780', '2025-05-06 21:39:06'),
('user_00059', 'oaKFBTNr37R2U879FqETQ8l284js', '曹刚', 'https://api.multiavatar.com/64.png', '15613453625', '2025-08-05 02:57:58'),
('user_00060', 'o2HXZYUHhFZbIY6E7leJlN2n7KEn', '肖建华', 'https://api.multiavatar.com/64.png', '13869703486', '2025-08-03 09:51:02'),
('user_00061', 'oIqolYSCegDvy2wjoUDTuIOd6zte', '杜桂英', 'https://api.multiavatar.com/49.png', NULL, '2025-04-25 08:41:48'),
('user_00062', 'oO1mnY7GwInC14jZeioy4dp6Ur6I', '周静', 'https://api.multiavatar.com/68.png', '18036413262', '2025-04-17 05:12:26'),
('user_00063', 'onUVclEgetGAatmSFQMpjvclaCMz', '邓丽娟', 'https://api.multiavatar.com/4.png', NULL, '2025-04-28 03:12:55'),
('user_00064', 'oFJaDbYJm0opxIy7XbhxGI5d8kgx', '叶秀玲', 'https://api.multiavatar.com/100.png', '15515452604', '2025-07-15 13:53:13'),
('user_00065', 'oVAUK1EDGXzWbLPuErlZI1PWM7gy', '肖秀玲', 'https://api.multiavatar.com/15.png', NULL, '2025-04-28 03:17:18'),
('user_00066', 'oDegTPT76sxxeooKdo3yuXBsNOBm', '吴桂荣', 'https://api.multiavatar.com/11.png', '15039075075', '2025-07-12 09:26:22'),
('user_00067', 'oMzsNe4bDw2zjZchoUXmOJJp1K4a', '蔡明', 'https://api.multiavatar.com/25.png', '15989077158', '2025-07-13 16:57:38'),
('user_00068', 'o8fcRH6TtwVqUqqWiAMkKxjI0Yc4', '杜玉兰', 'https://api.multiavatar.com/86.png', '15112963737', '2025-07-10 05:33:49'),
('user_00069', 'oMzDzb4Nx86DxKh0TRcwFwTynYJu', '程玉梅', 'https://api.multiavatar.com/68.png', '18443207853', '2025-06-20 08:37:18'),
('user_00070', 'oqzeqTDXjWxi4c3rIVbESjWhirHm', '彭涛', 'https://api.multiavatar.com/57.png', '13457925212', '2025-08-08 22:21:13'),
('user_00071', 'oASNxGU1YIxvdPMpH2cmGVlRH60X', '魏洋', 'https://api.multiavatar.com/1.png', '18674391779', '2025-08-08 22:57:58'),
('user_00072', 'ofQmAivMPqfT6nola2Fkwr04Jw43', '徐秀珍', 'https://api.multiavatar.com/23.png', NULL, '2025-06-15 11:52:27'),
('user_00073', 'ouMygZFPrD2c0Amo36YB5tyoZyvF', '苏秀兰', 'https://api.multiavatar.com/2.png', '18905444439', '2025-07-21 20:21:43'),
('user_00074', 'oxugJFZ7GvASzRZyCN01rgIdHWRn', '杨超', 'https://api.multiavatar.com/54.png', '18368709962', '2025-04-07 00:01:18'),
('user_00075', 'oLQOwvxRn6p0O1LvlGm1R8ZnIYat', '刘秀珍', 'https://api.multiavatar.com/93.png', NULL, '2025-04-21 07:10:57'),
('user_00076', 'oKqoMNWM5s7nMPa3of2uyNFtltMw', '郑秀英', 'https://api.multiavatar.com/82.png', '18600883187', '2025-05-27 09:30:31'),
('user_00077', 'okJqQ96zsPkMTQGZRlOY1sret2em', '郑秀珍', 'https://api.multiavatar.com/96.png', NULL, '2025-04-15 07:14:31'),
('user_00078', 'o5EJbvNUKOmzHsPXL4ivorvZO0Go', '黄霞', 'https://api.multiavatar.com/13.png', NULL, '2025-04-06 00:52:11'),
('user_00079', 'oCisIykxZYmBILV2WWi5Fgn8mfzF', '杜超', 'https://api.multiavatar.com/31.png', '18649278926', '2025-04-12 17:58:22'),
('user_00080', 'o7lBQfCtMnGP4msA8WlwuqTNgLet', '朱建军', 'https://api.multiavatar.com/100.png', NULL, '2025-07-28 04:59:38'),
('user_00081', 'ompMtzMq9ahIu2yT6EHa2vdIsmmZ', '宋秀玲', 'https://api.multiavatar.com/25.png', '18039981824', '2025-07-08 18:07:58'),
('user_00082', 'o34mObW3bcacswWdEvEkolG5sMN0', '彭霞', 'https://api.multiavatar.com/7.png', '18793347233', '2025-07-19 21:40:18'),
('user_00083', 'oshaCLtbuylZBRvp6iD009ALLJ9C', '徐涛', 'https://api.multiavatar.com/57.png', '18653596234', '2025-09-13 16:36:54'),
('user_00084', 'oQjYDFIMOvDcLNweUedvdm5rXN2c', '魏玉珍', 'https://api.multiavatar.com/21.png', NULL, '2025-06-10 03:55:25'),
('user_00085', 'oJZwGYlRcRaX8zmilME8vx70vHnG', '杜强', 'https://api.multiavatar.com/96.png', '18662654591', '2025-05-09 11:01:59'),
('user_00086', 'oIimZFW8ipFMzvg2sWRAbahnrHAe', '何平', 'https://api.multiavatar.com/97.png', NULL, '2025-09-29 22:15:07'),
('user_00087', 'oYwTqT1a3fPQ6Xqjg61epDM4DkVs', '韩秀芳', 'https://api.multiavatar.com/17.png', '13341227691', '2025-07-01 11:41:18'),
('user_00088', 'obwNzYtSeQNdIiL5EeoFJEgcoXe4', '于芳', 'https://api.multiavatar.com/86.png', NULL, '2025-09-10 06:09:59'),
('user_00089', 'o1xPLVaSVfuTr2D0Y23GEXecJPWV', '丁敏', 'https://api.multiavatar.com/67.png', NULL, '2025-06-11 18:13:19'),
('user_00090', 'oEnwHfMhAA6DMJmjB6QR37ZzJlBR', '王桂玲', 'https://api.multiavatar.com/33.png', '13348402186', '2025-05-08 14:36:47'),
('user_00091', 'ogs5ygy2Ti31kFVn27XD86X717OI', '郑平', 'https://api.multiavatar.com/72.png', NULL, '2025-08-03 04:11:57'),
('user_00092', 'oWMeVEc5qJCAq9UsSI8jFt0UZpUj', '何艳', 'https://api.multiavatar.com/41.png', NULL, '2025-08-02 16:52:25'),
('user_00093', 'oUcOG8dHd4g5Zw4oFtrPvK33oOvg', '田秀梅', 'https://api.multiavatar.com/88.png', '15658857215', '2025-05-21 00:20:28'),
('user_00094', 'oIPrLOURjiU5XrbPKMYsaYnpnjRf', '刘建华', 'https://api.multiavatar.com/65.png', NULL, '2025-06-16 15:55:30'),
('user_00095', 'oH5JxkuCqXcM591JbiJQcnZhSxGv', '朱娟', 'https://api.multiavatar.com/26.png', '18026308449', '2025-06-10 02:52:04'),
('user_00096', 'oPE6dqGf6eURFMCqMRy3iooRSYB0', '余玉芳', 'https://api.multiavatar.com/33.png', '18527021222', '2025-06-26 16:22:56'),
('user_00097', 'o0KrdjUVYKdpuxT4ZmLMKJ8F2FrD', '徐强', 'https://api.multiavatar.com/89.png', '13695896337', '2025-06-27 07:06:09'),
('user_00098', 'oRF2eXSN8xu0SSezlH7EzIqsFTYk', '彭建军', 'https://api.multiavatar.com/30.png', '13024182240', '2025-06-25 19:12:52'),
('user_00099', 'oZ91Ph0SAWAhXAxouz2K06JAVVN8', '陈秀英', 'https://api.multiavatar.com/56.png', NULL, '2025-06-21 12:32:12'),
('user_00100', 'o8Lf82CeiuBViwonnMSiQZmdU0Mz', '何建军', 'https://api.multiavatar.com/47.png', '15863905213', '2025-04-12 05:49:09');

-- 插入 20 个商户
INSERT INTO merchants (id, merchant_name, merchant_no, contact_person, contact_phone, business_license, status, business_category, created_at) VALUES
('mch_00001', '北京汽车美容', 'MCH022469159677', '董娜', '18045742724', 'DGXOO05VQRQ4MWNWHL', 'active', '服务', '2024-12-03 08:10:55'),
('mch_00002', '杭州饮品店', 'MCH108053373137', '冯秀荣', '18574851705', '34UCGL5Y4HDJLOVI39', 'active', '零售', '2025-02-13 09:59:59'),
('mch_00003', '天津北京烤鸭店', 'MCH377115671628', '田霞', '15099570225', '73Y1BFOX6HIYW8CZOG', 'inactive', '餐饮', '2025-08-13 22:46:43'),
('mch_00004', '广州宠物店', 'MCH019073984505', '于建军', '15398715583', 'DM8IA7B24YP7MB0P2M', 'active', '服务', '2025-07-26 00:00:24'),
('mch_00005', '重庆音乐教室', 'MCH271008754124', '蔡海燕', '15339122991', '0LUHFSS7EULY5344CI', 'inactive', '教育', '2025-05-08 22:55:35'),
('mch_00006', '长沙便利店', 'MCH592480406984', '韩秀云', '15653721145', '0ZK3PTVPLD72V7LLGR', 'active', '零售', '2025-08-30 17:22:38'),
('mch_00007', '成都羽毛球馆', 'MCH151080841975', '梁海燕', '13056781806', 'C7LAA0XR3SH208YD8R', 'active', '娱乐', '2025-03-15 00:26:25'),
('mch_00008', '沈阳花店', 'MCH289004450761', '赵霞', '15207932585', 'UPPSB91LI2Q90FS05O', 'active', '零售', '2025-05-28 23:37:38'),
('mch_00009', '杭州培训机构', 'MCH893096034655', '魏丽华', '13365040358', '9K2G34KB6V43XUG1U4', 'active', '教育', '2025-09-13 20:37:46'),
('mch_00010', '长沙江南味道', 'MCH902662685652', '郑海燕', '15110987521', 'J4JGOVRHEZ3NP1T8KM', 'active', '餐饮', '2025-03-14 06:15:49'),
('mch_00011', '济南韩式烤肉', 'MCH856198594591', '潘玉珍', '18472857663', 'UYCRIYDNAS0EC8DSWS', 'inactive', '餐饮', '2025-06-29 18:17:10'),
('mch_00012', '上海游戏厅', 'MCH877001761397', '程超', '13258925017', '202A5ZCLM9MGZHCMNU', 'inactive', '娱乐', '2025-06-30 16:16:55'),
('mch_00013', '南京洗衣店', 'MCH950878754962', '罗秀玲', '18063061323', '4M525CK51NSNXZH9F6', 'active', '服务', '2024-10-03 09:59:28'),
('mch_00014', '苏州超市', 'MCH164428347712', '朱娟', '18756452427', 'W51VRWRFZWUM1PIW34', 'active', '零售', '2025-05-23 21:24:40'),
('mch_00015', '佛山服装店', 'MCH628503020231', '周秀荣', '18486907769', 'F26H1TKSABWAHLP4B9', 'inactive', '零售', '2024-10-24 18:24:38'),
('mch_00016', '重庆美发店', 'MCH914678690562', '彭玉梅', '15292139993', 'YACBR4K3SZ0PEYG4CW', 'active', '娱乐', '2025-06-13 15:23:13'),
('mch_00017', '东莞湘菜馆', 'MCH754768403881', '任超', '13687952424', '4Q7J75ZIIJX95NRV6U', 'active', '餐饮', '2024-10-23 10:12:14'),
('mch_00018', '广州KTV', 'MCH909348029463', '马玉梅', '15928797274', 'NJV1HMH2WNMOJA3SVP', 'active', '娱乐', '2025-08-20 13:44:55'),
('mch_00019', '东莞停车场', 'MCH142066727883', '杨秀荣', '13250050161', 'L24F0SVIDU9S2FIMMA', 'active', '服务', '2024-12-19 06:23:34'),
('mch_00020', '东莞手机维修', 'MCH482702424193', '吴丽娟', '15675398793', 'VEWWR1DPB3504C2AAS', 'active', '服务', '2025-09-24 19:40:48');

-- 插入 272 笔订单
INSERT INTO payment_orders (id, user_id, merchant_id, merchant_name, merchant_category, amount, points_awarded, payment_method, status, wechat_order_id, paid_at, created_at) VALUES
('ord_20250930212340000001e1qd', 'user_00001', 'mch_00006', '长沙便利店', '零售', 3251, 32, 'wechat_pay', 'paid', '4200137997900685700748487946', '2025-08-02 00:13:01', '2025-08-02 00:13:01'),
('ord_20250930212340000003xkxb', 'user_00001', 'mch_00007', '成都羽毛球馆', '娱乐', 1555, 15, 'wechat_pay', 'paid', '4200602174286177528556811673', '2025-09-23 15:52:52', '2025-09-23 15:52:52'),
('ord_20250930212340000005s88r', 'user_00001', 'mch_00002', '杭州饮品店', '零售', 2543, 25, 'wechat_pay', 'paid', '4200942795331356485571828211', '2025-09-03 19:21:15', '2025-09-03 19:21:15'),
('ord_20250930212340000007akci', 'user_00001', 'mch_00014', '苏州超市', '零售', 1435, 0, 'wechat_pay', 'cancelled', NULL, NULL, '2025-09-09 03:10:24'),
('ord_20250930212340000008vm68', 'user_00002', 'mch_00001', '北京汽车美容', '服务', 21605, 216, 'wechat_pay', 'paid', '4200735292759533499002074130', '2025-09-24 02:49:10', '2025-09-24 02:49:10'),
('ord_20250930212340000010shaj', 'user_00003', 'mch_00001', '北京汽车美容', '服务', 1122, 0, 'wechat_pay', 'cancelled', NULL, NULL, '2025-08-03 19:46:40'),
('ord_20250930212340000011pdi1', 'user_00004', 'mch_00009', '杭州培训机构', '教育', 3704, 0, 'wechat_pay', 'cancelled', NULL, NULL, '2025-09-02 20:54:49'),
('ord_20250930212340000012flll', 'user_00004', 'mch_00017', '东莞湘菜馆', '餐饮', 550, 5, 'wechat_pay', 'paid', '4200053023383329817378316826', '2025-09-11 20:19:42', '2025-09-11 20:19:42'),
('ord_20250930212340000014p26n', 'user_00004', 'mch_00001', '北京汽车美容', '服务', 835, 8, 'wechat_pay', 'paid', '4200079964131811091521009965', '2025-08-23 09:04:32', '2025-08-23 09:04:32'),
('ord_20250930212340000016lk3g', 'user_00004', 'mch_00004', '广州宠物店', '服务', 1582, 15, 'wechat_pay', 'paid', '4200146364936273095300527276', '2025-09-11 17:29:25', '2025-09-11 17:29:25'),
('ord_20250930212340000018p4yg', 'user_00005', 'mch_00010', '长沙江南味道', '餐饮', 2715, 0, 'wechat_pay', 'cancelled', NULL, NULL, '2025-08-20 01:12:04'),
('ord_20250930212340000019tiqn', 'user_00005', 'mch_00020', '东莞手机维修', '服务', 3239, 32, 'wechat_pay', 'paid', '4200242402789094180585958448', '2025-08-19 00:33:11', '2025-08-19 00:33:11'),
('ord_202509302123400000215t7b', 'user_00005', 'mch_00018', '广州KTV', '娱乐', 631, 0, 'wechat_pay', 'cancelled', NULL, NULL, '2025-08-01 19:55:51'),
('ord_2025093021234000002210fj', 'user_00006', 'mch_00009', '杭州培训机构', '教育', 9473, 0, 'wechat_pay', 'cancelled', NULL, NULL, '2025-08-19 03:02:04'),
('ord_20250930212340000023og0v', 'user_00006', 'mch_00009', '杭州培训机构', '教育', 2365, 0, 'wechat_pay', 'cancelled', NULL, NULL, '2025-09-30 20:05:31'),
('ord_202509302123400000243zzv', 'user_00006', 'mch_00019', '东莞停车场', '服务', 511, 5, 'wechat_pay', 'paid', '4200249639814213801895255079', '2025-09-10 13:43:23', '2025-09-10 13:43:23'),
('ord_20250930212340000026ydm6', 'user_00006', 'mch_00009', '杭州培训机构', '教育', 19960, 0, 'wechat_pay', 'cancelled', NULL, NULL, '2025-09-26 12:31:35'),
('ord_202509302123400000273cai', 'user_00007', 'mch_00017', '东莞湘菜馆', '餐饮', 5443, 0, 'wechat_pay', 'cancelled', NULL, NULL, '2025-09-26 16:09:43'),
('ord_20250930212340000028k7lj', 'user_00007', 'mch_00001', '北京汽车美容', '服务', 2001, 20, 'wechat_pay', 'paid', '4200140584621820036162358566', '2025-09-03 12:43:39', '2025-09-03 12:43:39'),
('ord_20250930212340000030k0zj', 'user_00008', 'mch_00007', '成都羽毛球馆', '娱乐', 1031, 0, 'wechat_pay', 'cancelled', NULL, NULL, '2025-08-21 09:18:23'),
('ord_20250930212340000031kcdf', 'user_00008', 'mch_00001', '北京汽车美容', '服务', 1703, 17, 'wechat_pay', 'paid', '4200164921214203329088951744', '2025-08-15 19:44:36', '2025-08-15 19:44:36'),
('ord_20250930212340000033ahhf', 'user_00008', 'mch_00001', '北京汽车美容', '服务', 4006, 40, 'wechat_pay', 'paid', '4200153889262828289160512460', '2025-08-08 17:03:13', '2025-08-08 17:03:13'),
('ord_202509302123400000358ac3', 'user_00009', 'mch_00020', '东莞手机维修', '服务', 3786, 37, 'wechat_pay', 'paid', '4200353847008675062822909753', '2025-09-17 18:20:03', '2025-09-17 18:20:03'),
('ord_202509302123400000375vrp', 'user_00009', 'mch_00002', '杭州饮品店', '零售', 4906, 0, 'wechat_pay', 'cancelled', NULL, NULL, '2025-09-04 22:07:55'),
('ord_202509302123400000389x8f', 'user_00009', 'mch_00018', '广州KTV', '娱乐', 4375, 43, 'wechat_pay', 'paid', '4200409484351746121973005224', '2025-09-03 08:02:48', '2025-09-03 08:02:48'),
('ord_20250930212340000040zti6', 'user_00009', 'mch_00013', '南京洗衣店', '服务', 2271, 0, 'wechat_pay', 'cancelled', NULL, NULL, '2025-08-21 14:10:10'),
('ord_20250930212340000041bavk', 'user_00010', 'mch_00002', '杭州饮品店', '零售', 6797, 67, 'wechat_pay', 'paid', '4200454298770143082177115480', '2025-08-29 07:11:56', '2025-08-29 07:11:56'),
('ord_20250930212340000043pzuv', 'user_00010', 'mch_00002', '杭州饮品店', '零售', 3950, 39, 'wechat_pay', 'paid', '4200319456827680607628057214', '2025-08-07 12:08:47', '2025-08-07 12:08:47'),
('ord_20250930212340000045vmk2', 'user_00010', 'mch_00018', '广州KTV', '娱乐', 794, 7, 'wechat_pay', 'paid', '4200535683121432270856990756', '2025-08-19 22:10:11', '2025-08-19 22:10:11'),
('ord_20250930212340000047p7ui', 'user_00010', 'mch_00006', '长沙便利店', '零售', 817, 8, 'wechat_pay', 'paid', '4200101375819929921085728117', '2025-08-07 16:50:43', '2025-08-07 16:50:43'),
('ord_20250930212340000049yofh', 'user_00011', 'mch_00006', '长沙便利店', '零售', 9718, 97, 'wechat_pay', 'paid', '4200811453631353207314514874', '2025-08-02 15:19:39', '2025-08-02 15:19:39'),
('ord_20250930212340000051k8ps', 'user_00011', 'mch_00006', '长沙便利店', '零售', 3844, 38, 'wechat_pay', 'paid', '4200412386532583015935800915', '2025-09-28 14:00:12', '2025-09-28 14:00:12'),
('ord_20250930212340000053s4fq', 'user_00011', 'mch_00014', '苏州超市', '零售', 9276, 92, 'wechat_pay', 'paid', '4200536503069314638438995641', '2025-09-27 23:28:26', '2025-09-27 23:28:26'),
('ord_20250930212340000055ttja', 'user_00011', 'mch_00018', '广州KTV', '娱乐', 1720, 17, 'wechat_pay', 'paid', '4200554808869195980426039642', '2025-08-30 05:36:34', '2025-08-30 05:36:34'),
('ord_202509302123400000577nr0', 'user_00012', 'mch_00004', '广州宠物店', '服务', 3557, 35, 'wechat_pay', 'paid', '4200887148093942659826522324', '2025-08-05 20:35:17', '2025-08-05 20:35:17'),
('ord_20250930212340000059o0ov', 'user_00012', 'mch_00007', '成都羽毛球馆', '娱乐', 5349, 53, 'wechat_pay', 'paid', '4200848014548859069167116837', '2025-09-09 17:39:25', '2025-09-09 17:39:25'),
('ord_20250930212340000061hajd', 'user_00012', 'mch_00014', '苏州超市', '零售', 1900, 19, 'wechat_pay', 'paid', '4200235306552699241603744288', '2025-09-17 19:11:34', '2025-09-17 19:11:34'),
('ord_202509302123400000630qn7', 'user_00012', 'mch_00002', '杭州饮品店', '零售', 4809, 0, 'wechat_pay', 'cancelled', NULL, NULL, '2025-08-01 14:04:28'),
('ord_20250930212340000064lq3s', 'user_00013', 'mch_00004', '广州宠物店', '服务', 1479, 14, 'wechat_pay', 'paid', '4200328450676624475417130000', '2025-08-26 14:27:38', '2025-08-26 14:27:38'),
('ord_20250930212340000066f4lv', 'user_00013', 'mch_00016', '重庆美发店', '娱乐', 1836, 18, 'wechat_pay', 'paid', '4200978950773290181798963672', '2025-09-25 22:51:12', '2025-09-25 22:51:12'),
('ord_20250930212340000068d0fd', 'user_00013', 'mch_00013', '南京洗衣店', '服务', 3461, 34, 'wechat_pay', 'paid', '4200185486371027455513696175', '2025-09-24 03:45:03', '2025-09-24 03:45:03'),
('ord_20250930212340000070sgye', 'user_00014', 'mch_00016', '重庆美发店', '娱乐', 3188, 31, 'wechat_pay', 'paid', '4200670504688429338795305486', '2025-08-11 04:07:20', '2025-08-11 04:07:20'),
('ord_20250930212340000072ixe4', 'user_00014', 'mch_00002', '杭州饮品店', '零售', 4444, 44, 'wechat_pay', 'paid', '4200151412029914326910021713', '2025-08-07 11:01:30', '2025-08-07 11:01:30'),
('ord_20250930212340000074d6n6', 'user_00014', 'mch_00020', '东莞手机维修', '服务', 2999, 0, 'wechat_pay', 'cancelled', NULL, NULL, '2025-08-21 14:01:13'),
('ord_20250930212340000075mdbc', 'user_00014', 'mch_00008', '沈阳花店', '零售', 3071, 0, 'wechat_pay', 'cancelled', NULL, NULL, '2025-08-24 12:49:36'),
('ord_202509302123400000762yk7', 'user_00015', 'mch_00018', '广州KTV', '娱乐', 1988, 19, 'wechat_pay', 'paid', '4200253839290009993207247944', '2025-09-01 21:10:00', '2025-09-01 21:10:00'),
('ord_20250930212340000078rox7', 'user_00015', 'mch_00004', '广州宠物店', '服务', 1201, 12, 'wechat_pay', 'paid', '4200152205197417123796279420', '2025-09-05 17:32:58', '2025-09-05 17:32:58'),
('ord_20250930212340000080ij31', 'user_00015', 'mch_00013', '南京洗衣店', '服务', 23413, 234, 'wechat_pay', 'paid', '4200402970979713307982284264', '2025-09-02 02:24:19', '2025-09-02 02:24:19'),
('ord_20250930212340000082f0pl', 'user_00015', 'mch_00018', '广州KTV', '娱乐', 9181, 91, 'wechat_pay', 'paid', '4200396354199716966453225183', '2025-09-13 23:37:30', '2025-09-13 23:37:30'),
('ord_202509302123400000845tf5', 'user_00016', 'mch_00008', '沈阳花店', '零售', 898, 8, 'wechat_pay', 'paid', '4200229396979591656407227145', '2025-08-21 01:34:40', '2025-08-21 01:34:40'),
('ord_202509302123400000867v9r', 'user_00016', 'mch_00007', '成都羽毛球馆', '娱乐', 907, 0, 'wechat_pay', 'cancelled', NULL, NULL, '2025-08-23 10:34:46'),
('ord_20250930212340000087q8cp', 'user_00016', 'mch_00016', '重庆美发店', '娱乐', 1289, 12, 'wechat_pay', 'paid', '4200329215466941443650460223', '2025-08-11 19:47:42', '2025-08-11 19:47:42'),
('ord_202509302123400000896vfr', 'user_00016', 'mch_00007', '成都羽毛球馆', '娱乐', 1587, 15, 'wechat_pay', 'paid', '4200224709506336858016870396', '2025-09-17 03:28:03', '2025-09-17 03:28:03'),
('ord_20250930212340000091rn3i', 'user_00017', 'mch_00017', '东莞湘菜馆', '餐饮', 1802, 18, 'wechat_pay', 'paid', '4200860910082755952143878236', '2025-08-15 16:56:21', '2025-08-15 16:56:21'),
('ord_20250930212340000093tdyw', 'user_00017', 'mch_00020', '东莞手机维修', '服务', 40422, 404, 'wechat_pay', 'paid', '4200528314702417321655163193', '2025-09-17 01:24:14', '2025-09-17 01:24:14'),
('ord_2025093021234000009524nq', 'user_00017', 'mch_00010', '长沙江南味道', '餐饮', 1235, 0, 'wechat_pay', 'cancelled', NULL, NULL, '2025-09-16 02:28:25'),
('ord_20250930212340000096ypaw', 'user_00017', 'mch_00013', '南京洗衣店', '服务', 1881, 18, 'wechat_pay', 'paid', '4200132793328694604359425719', '2025-08-22 07:04:29', '2025-08-22 07:04:29'),
('ord_20250930212340000098lqr1', 'user_00018', 'mch_00018', '广州KTV', '娱乐', 1462, 14, 'wechat_pay', 'paid', '4200980558258007018374012333', '2025-08-06 13:15:26', '2025-08-06 13:15:26'),
('ord_20250930212340000100pt5c', 'user_00018', 'mch_00013', '南京洗衣店', '服务', 3393, 33, 'wechat_pay', 'paid', '4200626227888098184902727077', '2025-08-27 15:21:03', '2025-08-27 15:21:03'),
('ord_20250930212340000102b42e', 'user_00018', 'mch_00007', '成都羽毛球馆', '娱乐', 1435, 14, 'wechat_pay', 'paid', '4200508917419181802131235255', '2025-08-04 23:31:14', '2025-08-04 23:31:14'),
('ord_20250930212340000104637c', 'user_00019', 'mch_00018', '广州KTV', '娱乐', 911, 9, 'wechat_pay', 'paid', '4200246336913414967927414191', '2025-09-08 16:36:03', '2025-09-08 16:36:03'),
('ord_2025093021234000010603j2', 'user_00019', 'mch_00020', '东莞手机维修', '服务', 4925, 49, 'wechat_pay', 'paid', '4200414473886790566265723867', '2025-08-08 03:11:54', '2025-08-08 03:11:54'),
('ord_20250930212340000108pps0', 'user_00019', 'mch_00018', '广州KTV', '娱乐', 4494, 44, 'wechat_pay', 'paid', '4200771577893502906620212173', '2025-08-02 12:48:10', '2025-08-02 12:48:10'),
('ord_20250930212340000110sudz', 'user_00019', 'mch_00004', '广州宠物店', '服务', 822, 8, 'wechat_pay', 'paid', '4200002351474415444920640008', '2025-08-01 09:19:02', '2025-08-01 09:19:02'),
('ord_20250930212340000112xg9e', 'user_00020', 'mch_00010', '长沙江南味道', '餐饮', 3858, 0, 'wechat_pay', 'cancelled', NULL, NULL, '2025-08-18 12:31:41'),
('ord_20250930212340000113dyfp', 'user_00021', 'mch_00013', '南京洗衣店', '服务', 1273, 12, 'wechat_pay', 'paid', '4200669080787335721287966453', '2025-09-28 22:04:22', '2025-09-28 22:04:22'),
('ord_202509302123400001159faq', 'user_00021', 'mch_00013', '南京洗衣店', '服务', 609, 0, 'wechat_pay', 'cancelled', NULL, NULL, '2025-09-04 19:29:52'),
('ord_20250930212340000116n4eq', 'user_00022', 'mch_00018', '广州KTV', '娱乐', 1775, 0, 'wechat_pay', 'cancelled', NULL, NULL, '2025-08-15 17:00:39'),
('ord_20250930212340000117z8km', 'user_00022', 'mch_00019', '东莞停车场', '服务', 4781, 47, 'wechat_pay', 'paid', '4200033473394910591380603540', '2025-08-23 06:40:01', '2025-08-23 06:40:01'),
('ord_202509302123400001198i08', 'user_00023', 'mch_00019', '东莞停车场', '服务', 1378, 13, 'wechat_pay', 'paid', '4200295626218753484534076871', '2025-09-26 10:08:25', '2025-09-26 10:08:25'),
('ord_20250930212340000121opq7', 'user_00023', 'mch_00004', '广州宠物店', '服务', 3775, 37, 'wechat_pay', 'paid', '4200840833401324797868548865', '2025-07-31 23:19:02', '2025-07-31 23:19:02'),
('ord_20250930212340000123ypn1', 'user_00023', 'mch_00017', '东莞湘菜馆', '餐饮', 6494, 0, 'wechat_pay', 'cancelled', NULL, NULL, '2025-09-29 09:14:11'),
('ord_20250930212340000124pf43', 'user_00024', 'mch_00016', '重庆美发店', '娱乐', 2620, 26, 'wechat_pay', 'paid', '4200210683464415129336741136', '2025-09-24 09:41:27', '2025-09-24 09:41:27'),
('ord_20250930212340000126v0xa', 'user_00024', 'mch_00013', '南京洗衣店', '服务', 1690, 16, 'wechat_pay', 'paid', '4200468601263367384879846871', '2025-08-18 17:03:17', '2025-08-18 17:03:17'),
('ord_202509302123400001281ueb', 'user_00024', 'mch_00017', '东莞湘菜馆', '餐饮', 1030, 0, 'wechat_pay', 'cancelled', NULL, NULL, '2025-08-28 08:48:38'),
('ord_20250930212340000129zame', 'user_00025', 'mch_00014', '苏州超市', '零售', 8374, 83, 'wechat_pay', 'paid', '4200679575580518034576451430', '2025-09-04 23:27:22', '2025-09-04 23:27:22'),
('ord_20250930212340000131wn6p', 'user_00026', 'mch_00007', '成都羽毛球馆', '娱乐', 1496, 14, 'wechat_pay', 'paid', '4200461995700801030547669067', '2025-08-23 22:25:41', '2025-08-23 22:25:41'),
('ord_202509302123400001332971', 'user_00026', 'mch_00009', '杭州培训机构', '教育', 7133, 0, 'wechat_pay', 'cancelled', NULL, NULL, '2025-09-10 18:42:14'),
('ord_20250930212340000134ag3i', 'user_00026', 'mch_00020', '东莞手机维修', '服务', 835, 8, 'wechat_pay', 'paid', '4200758603654515776336107760', '2025-08-21 17:28:27', '2025-08-21 17:28:27'),
('ord_20250930212340000136pl0u', 'user_00027', 'mch_00017', '东莞湘菜馆', '餐饮', 977, 9, 'wechat_pay', 'paid', '4200227339414129535931118650', '2025-08-31 21:09:21', '2025-08-31 21:09:21'),
('ord_202509302123400001386w36', 'user_00027', 'mch_00008', '沈阳花店', '零售', 4752, 47, 'wechat_pay', 'paid', '4200551656020207136174438938', '2025-09-11 14:00:10', '2025-09-11 14:00:10'),
('ord_202509302123400001403ost', 'user_00028', 'mch_00020', '东莞手机维修', '服务', 526, 5, 'wechat_pay', 'paid', '4200758448483113217641140153', '2025-08-25 03:37:44', '2025-08-25 03:37:44'),
('ord_20250930212340000142dd05', 'user_00029', 'mch_00017', '东莞湘菜馆', '餐饮', 742, 7, 'wechat_pay', 'paid', '4200829578125227607776761261', '2025-08-31 19:45:23', '2025-08-31 19:45:23'),
('ord_20250930212340000144faya', 'user_00029', 'mch_00018', '广州KTV', '娱乐', 630, 6, 'wechat_pay', 'paid', '4200291057913097936532618205', '2025-09-06 05:42:06', '2025-09-06 05:42:06'),
('ord_202509302123400001460fnl', 'user_00029', 'mch_00007', '成都羽毛球馆', '娱乐', 6648, 66, 'wechat_pay', 'paid', '4200561882511991864044073324', '2025-09-03 16:52:14', '2025-09-03 16:52:14'),
('ord_20250930212340000148cf8m', 'user_00029', 'mch_00020', '东莞手机维修', '服务', 2451, 24, 'wechat_pay', 'paid', '4200096967841327613873448468', '2025-09-21 14:57:09', '2025-09-21 14:57:09'),
('ord_20250930212340000150mu5f', 'user_00030', 'mch_00016', '重庆美发店', '娱乐', 521, 5, 'wechat_pay', 'paid', '4200608095798363432605571649', '2025-09-22 22:00:42', '2025-09-22 22:00:42'),
('ord_202509302123400001526l8y', 'user_00030', 'mch_00001', '北京汽车美容', '服务', 4000, 0, 'wechat_pay', 'cancelled', NULL, NULL, '2025-09-19 19:36:11'),
('ord_20250930212340000153y5qa', 'user_00030', 'mch_00019', '东莞停车场', '服务', 4183, 0, 'wechat_pay', 'cancelled', NULL, NULL, '2025-09-12 22:10:08'),
('ord_2025093021234000015424ay', 'user_00031', 'mch_00010', '长沙江南味道', '餐饮', 778, 0, 'wechat_pay', 'cancelled', NULL, NULL, '2025-09-10 12:01:01'),
('ord_20250930212340000155g4lo', 'user_00031', 'mch_00010', '长沙江南味道', '餐饮', 928, 0, 'wechat_pay', 'cancelled', NULL, NULL, '2025-09-20 08:50:09'),
('ord_20250930212340000156go60', 'user_00032', 'mch_00014', '苏州超市', '零售', 5767, 57, 'wechat_pay', 'paid', '4200678336031166720166191385', '2025-09-30 09:25:53', '2025-09-30 09:25:53'),
('ord_2025093021234000015852dd', 'user_00033', 'mch_00020', '东莞手机维修', '服务', 4132, 0, 'wechat_pay', 'cancelled', NULL, NULL, '2025-08-04 17:56:43'),
('ord_20250930212340000159vjn4', 'user_00034', 'mch_00008', '沈阳花店', '零售', 2361, 23, 'wechat_pay', 'paid', '4200847539539500500406792247', '2025-08-23 00:01:55', '2025-08-23 00:01:55'),
('ord_20250930212340000161nrqy', 'user_00034', 'mch_00020', '东莞手机维修', '服务', 992, 0, 'wechat_pay', 'cancelled', NULL, NULL, '2025-09-22 03:06:41'),
('ord_202509302123400001623yjr', 'user_00034', 'mch_00014', '苏州超市', '零售', 591, 5, 'wechat_pay', 'paid', '4200117577671344279173663267', '2025-09-13 14:10:47', '2025-09-13 14:10:47'),
('ord_20250930212340000164qs44', 'user_00034', 'mch_00009', '杭州培训机构', '教育', 823, 0, 'wechat_pay', 'cancelled', NULL, NULL, '2025-09-24 16:24:17'),
('ord_20250930212340000165bngi', 'user_00035', 'mch_00004', '广州宠物店', '服务', 1225, 12, 'wechat_pay', 'paid', '4200946079740559580605324012', '2025-08-16 00:02:59', '2025-08-16 00:02:59'),
('ord_20250930212340000167yyyv', 'user_00035', 'mch_00008', '沈阳花店', '零售', 6961, 69, 'wechat_pay', 'paid', '4200262111080794322416838307', '2025-08-29 14:33:05', '2025-08-29 14:33:05'),
('ord_20250930212340000169u4ct', 'user_00035', 'mch_00006', '长沙便利店', '零售', 2743, 0, 'wechat_pay', 'cancelled', NULL, NULL, '2025-09-06 13:37:59'),
('ord_20250930212340000170cj7g', 'user_00036', 'mch_00001', '北京汽车美容', '服务', 1109, 0, 'wechat_pay', 'cancelled', NULL, NULL, '2025-08-16 18:04:48'),
('ord_20250930212340000171l7kl', 'user_00036', 'mch_00002', '杭州饮品店', '零售', 4721, 47, 'wechat_pay', 'paid', '4200073497838248094653864196', '2025-09-20 14:49:25', '2025-09-20 14:49:25'),
('ord_202509302123400001730blr', 'user_00036', 'mch_00001', '北京汽车美容', '服务', 1366, 13, 'wechat_pay', 'paid', '4200052813072044154821917730', '2025-09-17 06:25:09', '2025-09-17 06:25:09'),
('ord_20250930212340000175uq41', 'user_00036', 'mch_00014', '苏州超市', '零售', 739, 7, 'wechat_pay', 'paid', '4200611518342866466915726675', '2025-08-10 20:27:38', '2025-08-10 20:27:38'),
('ord_20250930212340000177ef3n', 'user_00037', 'mch_00010', '长沙江南味道', '餐饮', 4309, 43, 'wechat_pay', 'paid', '4200741348756350781079493489', '2025-08-02 06:09:28', '2025-08-02 06:09:28'),
('ord_202509302123400001795umu', 'user_00037', 'mch_00004', '广州宠物店', '服务', 31626, 316, 'wechat_pay', 'paid', '4200542542679920766921685441', '2025-09-04 12:33:57', '2025-09-04 12:33:57'),
('ord_20250930212340000181wz95', 'user_00037', 'mch_00013', '南京洗衣店', '服务', 1096, 10, 'wechat_pay', 'paid', '4200907078877372664715756631', '2025-08-13 19:34:21', '2025-08-13 19:34:21'),
('ord_20250930212340000183xsac', 'user_00038', 'mch_00014', '苏州超市', '零售', 704, 7, 'wechat_pay', 'paid', '4200890155229655517122050654', '2025-09-15 20:12:39', '2025-09-15 20:12:39'),
('ord_20250930212340000185ynfo', 'user_00038', 'mch_00007', '成都羽毛球馆', '娱乐', 1905, 19, 'wechat_pay', 'paid', '4200981593777047214798607124', '2025-09-30 06:16:03', '2025-09-30 06:16:03'),
('ord_202509302123400001876t8m', 'user_00038', 'mch_00008', '沈阳花店', '零售', 1797, 17, 'wechat_pay', 'paid', '4200421245046874792663680864', '2025-09-02 01:06:26', '2025-09-02 01:06:26'),
('ord_202509302123400001894xhd', 'user_00038', 'mch_00009', '杭州培训机构', '教育', 7011, 70, 'wechat_pay', 'paid', '4200067023903775339252249739', '2025-08-08 10:02:59', '2025-08-08 10:02:59'),
('ord_20250930212340000191gok3', 'user_00039', 'mch_00008', '沈阳花店', '零售', 5075, 50, 'wechat_pay', 'paid', '4200039185783934134310239940', '2025-09-27 23:20:29', '2025-09-27 23:20:29'),
('ord_202509302123400001930hli', 'user_00039', 'mch_00016', '重庆美发店', '娱乐', 2842, 0, 'wechat_pay', 'cancelled', NULL, NULL, '2025-08-06 12:12:04'),
('ord_202509302123400001943o3v', 'user_00039', 'mch_00007', '成都羽毛球馆', '娱乐', 2636, 26, 'wechat_pay', 'paid', '4200404643428241813483065197', '2025-08-05 11:36:11', '2025-08-05 11:36:11'),
('ord_20250930212340000196ujhb', 'user_00039', 'mch_00013', '南京洗衣店', '服务', 2424, 24, 'wechat_pay', 'paid', '4200754839571724289602111832', '2025-08-03 23:29:20', '2025-08-03 23:29:20'),
('ord_20250930212340000198zr9f', 'user_00040', 'mch_00018', '广州KTV', '娱乐', 4414, 44, 'wechat_pay', 'paid', '4200537357626878821530126624', '2025-09-07 00:18:49', '2025-09-07 00:18:49'),
('ord_20250930212340000200lcn6', 'user_00041', 'mch_00019', '东莞停车场', '服务', 1179, 11, 'wechat_pay', 'paid', '4200400541352092482214228345', '2025-09-19 11:55:02', '2025-09-19 11:55:02'),
('ord_20250930212340000202ynx8', 'user_00041', 'mch_00010', '长沙江南味道', '餐饮', 3819, 38, 'wechat_pay', 'paid', '4200218334589833522175989475', '2025-08-16 00:59:22', '2025-08-16 00:59:22'),
('ord_202509302123400002049jzr', 'user_00042', 'mch_00013', '南京洗衣店', '服务', 3004, 30, 'wechat_pay', 'paid', '4200969751607515489448627892', '2025-08-28 13:55:52', '2025-08-28 13:55:52'),
('ord_20250930212340000206x87l', 'user_00043', 'mch_00016', '重庆美发店', '娱乐', 655, 6, 'wechat_pay', 'paid', '4200918039793743583441447295', '2025-09-11 14:23:22', '2025-09-11 14:23:22'),
('ord_20250930212340000208cisd', 'user_00043', 'mch_00019', '东莞停车场', '服务', 4612, 46, 'wechat_pay', 'paid', '4200296388672487341525334065', '2025-08-02 07:43:12', '2025-08-02 07:43:12'),
('ord_20250930212340000210catv', 'user_00043', 'mch_00018', '广州KTV', '娱乐', 914, 9, 'wechat_pay', 'paid', '4200707476328608734710582325', '2025-09-11 14:08:58', '2025-09-11 14:08:58'),
('ord_20250930212340000212d6d6', 'user_00043', 'mch_00001', '北京汽车美容', '服务', 3767, 37, 'wechat_pay', 'paid', '4200139419833850977207277368', '2025-08-06 17:31:38', '2025-08-06 17:31:38'),
('ord_20250930212340000214zmg2', 'user_00044', 'mch_00009', '杭州培训机构', '教育', 1525, 0, 'wechat_pay', 'cancelled', NULL, NULL, '2025-09-10 19:37:19'),
('ord_20250930212340000215c80u', 'user_00044', 'mch_00002', '杭州饮品店', '零售', 3964, 39, 'wechat_pay', 'paid', '4200704333671665582526719285', '2025-08-11 21:39:27', '2025-08-11 21:39:27'),
('ord_20250930212340000217xtwa', 'user_00044', 'mch_00013', '南京洗衣店', '服务', 600, 6, 'wechat_pay', 'paid', '4200783572787122634775909399', '2025-08-30 03:50:33', '2025-08-30 03:50:33'),
('ord_20250930212340000219i8ow', 'user_00044', 'mch_00006', '长沙便利店', '零售', 4104, 41, 'wechat_pay', 'paid', '4200762954262734846694692322', '2025-09-07 14:11:35', '2025-09-07 14:11:35'),
('ord_20250930212340000221xcw0', 'user_00045', 'mch_00017', '东莞湘菜馆', '餐饮', 766, 7, 'wechat_pay', 'paid', '4200591418925721427194763552', '2025-08-08 23:54:44', '2025-08-08 23:54:44'),
('ord_20250930212340000223hgp3', 'user_00045', 'mch_00007', '成都羽毛球馆', '娱乐', 1883, 0, 'wechat_pay', 'cancelled', NULL, NULL, '2025-08-26 06:08:13'),
('ord_20250930212340000224923r', 'user_00045', 'mch_00007', '成都羽毛球馆', '娱乐', 2757, 27, 'wechat_pay', 'paid', '4200205151070462185128719984', '2025-09-20 05:08:05', '2025-09-20 05:08:05'),
('ord_20250930212340000226xatn', 'user_00045', 'mch_00013', '南京洗衣店', '服务', 5656, 56, 'wechat_pay', 'paid', '4200029061535807720683609253', '2025-09-17 07:12:16', '2025-09-17 07:12:16'),
('ord_20250930212340000228hojt', 'user_00046', 'mch_00007', '成都羽毛球馆', '娱乐', 3647, 36, 'wechat_pay', 'paid', '4200452304309620936857443061', '2025-09-10 13:34:59', '2025-09-10 13:34:59'),
('ord_2025093021234000023031gz', 'user_00046', 'mch_00002', '杭州饮品店', '零售', 2572, 25, 'wechat_pay', 'paid', '4200104975146825422908619893', '2025-08-15 02:25:29', '2025-08-15 02:25:29'),
('ord_202509302123400002327ehp', 'user_00046', 'mch_00017', '东莞湘菜馆', '餐饮', 1515, 15, 'wechat_pay', 'paid', '4200826528668874922102871684', '2025-08-01 09:58:37', '2025-08-01 09:58:37'),
('ord_202509302123400002342767', 'user_00046', 'mch_00017', '东莞湘菜馆', '餐饮', 1123, 11, 'wechat_pay', 'paid', '4200418786527066779879663819', '2025-09-05 23:32:17', '2025-09-05 23:32:17'),
('ord_202509302123400002360e82', 'user_00047', 'mch_00001', '北京汽车美容', '服务', 9771, 97, 'wechat_pay', 'paid', '4200421679910436480628773030', '2025-08-27 04:13:27', '2025-08-27 04:13:27'),
('ord_202509302123400002387ixu', 'user_00048', 'mch_00008', '沈阳花店', '零售', 8896, 88, 'wechat_pay', 'paid', '4200230011024723026792781726', '2025-09-17 02:30:12', '2025-09-17 02:30:12'),
('ord_202509302123400002405suj', 'user_00049', 'mch_00017', '东莞湘菜馆', '餐饮', 850, 0, 'wechat_pay', 'cancelled', NULL, NULL, '2025-08-22 02:08:43'),
('ord_202509302123400002415ed5', 'user_00049', 'mch_00014', '苏州超市', '零售', 4658, 0, 'wechat_pay', 'cancelled', NULL, NULL, '2025-09-06 21:50:40'),
('ord_20250930212340000242o1g0', 'user_00049', 'mch_00014', '苏州超市', '零售', 1003, 10, 'wechat_pay', 'paid', '4200819909509239653085408169', '2025-09-25 21:08:13', '2025-09-25 21:08:13'),
('ord_20250930212340000244pex5', 'user_00049', 'mch_00009', '杭州培训机构', '教育', 4958, 49, 'wechat_pay', 'paid', '4200024003603682681726566605', '2025-08-11 13:36:33', '2025-08-11 13:36:33'),
('ord_20250930212340000246i4rp', 'user_00050', 'mch_00016', '重庆美发店', '娱乐', 1688, 16, 'wechat_pay', 'paid', '4200402760712994689745996909', '2025-09-12 09:04:35', '2025-09-12 09:04:35'),
('ord_202509302123400002481jm6', 'user_00050', 'mch_00016', '重庆美发店', '娱乐', 3053, 30, 'wechat_pay', 'paid', '4200583973535175461039368334', '2025-08-05 16:43:20', '2025-08-05 16:43:20'),
('ord_20250930212340000250nrxy', 'user_00051', 'mch_00007', '成都羽毛球馆', '娱乐', 618, 0, 'wechat_pay', 'cancelled', NULL, NULL, '2025-08-19 10:39:02'),
('ord_20250930212340000251f1w5', 'user_00051', 'mch_00008', '沈阳花店', '零售', 557, 0, 'wechat_pay', 'cancelled', NULL, NULL, '2025-09-28 05:46:05'),
('ord_202509302123400002522gbc', 'user_00052', 'mch_00017', '东莞湘菜馆', '餐饮', 948, 0, 'wechat_pay', 'cancelled', NULL, NULL, '2025-09-08 11:44:21'),
('ord_202509302123400002531au7', 'user_00053', 'mch_00001', '北京汽车美容', '服务', 14610, 146, 'wechat_pay', 'paid', '4200313665221896622918495334', '2025-08-12 15:01:00', '2025-08-12 15:01:00'),
('ord_202509302123400002552k2p', 'user_00053', 'mch_00017', '东莞湘菜馆', '餐饮', 3341, 33, 'wechat_pay', 'paid', '4200334508416662895438764935', '2025-09-07 04:39:56', '2025-09-07 04:39:56'),
('ord_20250930212340000257kcxa', 'user_00054', 'mch_00020', '东莞手机维修', '服务', 1320, 13, 'wechat_pay', 'paid', '4200000419870880702312343196', '2025-09-23 08:46:13', '2025-09-23 08:46:13'),
('ord_202509302123400002597ni5', 'user_00055', 'mch_00009', '杭州培训机构', '教育', 1677, 16, 'wechat_pay', 'paid', '4200891917857980868978612173', '2025-09-18 06:41:20', '2025-09-18 06:41:20'),
('ord_20250930212340000261xoo4', 'user_00055', 'mch_00009', '杭州培训机构', '教育', 3905, 39, 'wechat_pay', 'paid', '4200848039931111666489423848', '2025-09-25 09:16:47', '2025-09-25 09:16:47'),
('ord_20250930212340000263m89p', 'user_00055', 'mch_00016', '重庆美发店', '娱乐', 3588, 35, 'wechat_pay', 'paid', '4200886687241090341510731426', '2025-08-28 05:10:54', '2025-08-28 05:10:54'),
('ord_20250930212340000265td88', 'user_00055', 'mch_00007', '成都羽毛球馆', '娱乐', 30058, 300, 'wechat_pay', 'paid', '4200885135346942651300149939', '2025-09-11 02:54:23', '2025-09-11 02:54:23'),
('ord_20250930212340000267v7kq', 'user_00056', 'mch_00017', '东莞湘菜馆', '餐饮', 1597, 15, 'wechat_pay', 'paid', '4200861582269035376790424344', '2025-09-18 07:21:16', '2025-09-18 07:21:16'),
('ord_20250930212340000269emoh', 'user_00056', 'mch_00014', '苏州超市', '零售', 6893, 0, 'wechat_pay', 'cancelled', NULL, NULL, '2025-09-22 21:46:42'),
('ord_20250930212340000270j1ps', 'user_00056', 'mch_00016', '重庆美发店', '娱乐', 1531, 0, 'wechat_pay', 'cancelled', NULL, NULL, '2025-08-15 02:53:22'),
('ord_20250930212340000271twoe', 'user_00057', 'mch_00009', '杭州培训机构', '教育', 1398, 13, 'wechat_pay', 'paid', '4200626404360878916624451218', '2025-08-31 11:09:50', '2025-08-31 11:09:50'),
('ord_20250930212340000273fohv', 'user_00057', 'mch_00019', '东莞停车场', '服务', 4689, 46, 'wechat_pay', 'paid', '4200458497332087573649785267', '2025-08-02 11:51:06', '2025-08-02 11:51:06'),
('ord_20250930212340000275woks', 'user_00057', 'mch_00019', '东莞停车场', '服务', 9285, 92, 'wechat_pay', 'paid', '4200952780238717643280371816', '2025-09-01 14:38:42', '2025-09-01 14:38:42'),
('ord_20250930212340000277hkhg', 'user_00057', 'mch_00001', '北京汽车美容', '服务', 3472, 34, 'wechat_pay', 'paid', '4200625624616052871338168231', '2025-09-29 17:23:41', '2025-09-29 17:23:41'),
('ord_20250930212340000279sx9k', 'user_00058', 'mch_00004', '广州宠物店', '服务', 1260, 12, 'wechat_pay', 'paid', '4200469858058121349191709931', '2025-09-26 23:48:52', '2025-09-26 23:48:52'),
('ord_20250930212340000281pwky', 'user_00059', 'mch_00001', '北京汽车美容', '服务', 4602, 46, 'wechat_pay', 'paid', '4200083544753220828041003781', '2025-08-21 11:16:34', '2025-08-21 11:16:34'),
('ord_20250930212340000283iss8', 'user_00059', 'mch_00008', '沈阳花店', '零售', 1197, 11, 'wechat_pay', 'paid', '4200189939506808731675724858', '2025-08-02 21:45:49', '2025-08-02 21:45:49'),
('ord_2025093021234000028525s3', 'user_00060', 'mch_00002', '杭州饮品店', '零售', 744, 7, 'wechat_pay', 'paid', '4200474518729752349420959334', '2025-09-16 02:28:25', '2025-09-16 02:28:25'),
('ord_2025093021234000028768wi', 'user_00061', 'mch_00018', '广州KTV', '娱乐', 4851, 48, 'wechat_pay', 'paid', '4200163195068708965330102315', '2025-08-14 16:28:07', '2025-08-14 16:28:07'),
('ord_20250930212340000289zbd2', 'user_00061', 'mch_00008', '沈阳花店', '零售', 9457, 94, 'wechat_pay', 'paid', '4200785757232850781546487552', '2025-09-06 11:32:20', '2025-09-06 11:32:20'),
('ord_202509302123400002918f3e', 'user_00062', 'mch_00010', '长沙江南味道', '餐饮', 2159, 0, 'wechat_pay', 'cancelled', NULL, NULL, '2025-08-27 05:56:17'),
('ord_2025093021234000029213u0', 'user_00062', 'mch_00007', '成都羽毛球馆', '娱乐', 4329, 43, 'wechat_pay', 'paid', '4200409025195097113998508784', '2025-09-19 04:53:10', '2025-09-19 04:53:10'),
('ord_20250930212340000294ki14', 'user_00062', 'mch_00009', '杭州培训机构', '教育', 778, 7, 'wechat_pay', 'paid', '4200639217358608854086872544', '2025-09-27 23:04:49', '2025-09-27 23:04:49'),
('ord_202509302123400002969d5r', 'user_00062', 'mch_00017', '东莞湘菜馆', '餐饮', 4834, 48, 'wechat_pay', 'paid', '4200137210127785300968606035', '2025-08-24 16:05:57', '2025-08-24 16:05:57'),
('ord_20250930212340000298grav', 'user_00063', 'mch_00002', '杭州饮品店', '零售', 1681, 16, 'wechat_pay', 'paid', '4200089378010595022825923207', '2025-09-19 08:57:28', '2025-09-19 08:57:28'),
('ord_20250930212340000300albg', 'user_00063', 'mch_00019', '东莞停车场', '服务', 2335, 23, 'wechat_pay', 'paid', '4200637587057085562527480387', '2025-08-19 15:17:21', '2025-08-19 15:17:21'),
('ord_202509302123400003020s2h', 'user_00063', 'mch_00020', '东莞手机维修', '服务', 1783, 17, 'wechat_pay', 'paid', '4200912012751224705952933748', '2025-09-09 21:34:42', '2025-09-09 21:34:42'),
('ord_20250930212340000304otyu', 'user_00064', 'mch_00006', '长沙便利店', '零售', 1666, 16, 'wechat_pay', 'paid', '4200332778053706727593130561', '2025-08-02 17:04:29', '2025-08-02 17:04:29'),
('ord_20250930212340000306jidn', 'user_00064', 'mch_00014', '苏州超市', '零售', 3793, 0, 'wechat_pay', 'cancelled', NULL, NULL, '2025-09-28 20:16:41'),
('ord_20250930212340000307w8r3', 'user_00064', 'mch_00008', '沈阳花店', '零售', 951, 9, 'wechat_pay', 'paid', '4200998656495926622065496439', '2025-09-11 05:26:49', '2025-09-11 05:26:49'),
('ord_20250930212340000309hktl', 'user_00064', 'mch_00009', '杭州培训机构', '教育', 6108, 0, 'wechat_pay', 'cancelled', NULL, NULL, '2025-08-09 09:08:15'),
('ord_20250930212340000310papa', 'user_00065', 'mch_00008', '沈阳花店', '零售', 577, 5, 'wechat_pay', 'paid', '4200369658061494970856413715', '2025-08-19 08:23:20', '2025-08-19 08:23:20'),
('ord_20250930212340000312f7b3', 'user_00066', 'mch_00006', '长沙便利店', '零售', 4012, 40, 'wechat_pay', 'paid', '4200993624504889315779265935', '2025-09-13 14:42:36', '2025-09-13 14:42:36'),
('ord_20250930212340000314s9cn', 'user_00066', 'mch_00020', '东莞手机维修', '服务', 508, 5, 'wechat_pay', 'paid', '4200866641945769202576636916', '2025-09-20 18:58:58', '2025-09-20 18:58:58'),
('ord_20250930212340000316c2d0', 'user_00066', 'mch_00018', '广州KTV', '娱乐', 4516, 45, 'wechat_pay', 'paid', '4200406421697570327430426689', '2025-09-11 02:20:42', '2025-09-11 02:20:42'),
('ord_20250930212340000318g016', 'user_00067', 'mch_00006', '长沙便利店', '零售', 3242, 32, 'wechat_pay', 'paid', '4200962883667150575450563973', '2025-09-28 02:45:23', '2025-09-28 02:45:23'),
('ord_202509302123400003206r1f', 'user_00067', 'mch_00007', '成都羽毛球馆', '娱乐', 960, 0, 'wechat_pay', 'cancelled', NULL, NULL, '2025-08-11 12:18:40'),
('ord_20250930212340000321f8d5', 'user_00068', 'mch_00004', '广州宠物店', '服务', 4147, 41, 'wechat_pay', 'paid', '4200283447037305202249965512', '2025-09-11 20:17:14', '2025-09-11 20:17:14'),
('ord_20250930212340000323wh1k', 'user_00068', 'mch_00018', '广州KTV', '娱乐', 1400, 14, 'wechat_pay', 'paid', '4200047983565847125392283076', '2025-09-17 13:54:16', '2025-09-17 13:54:16'),
('ord_20250930212340000325b5pd', 'user_00068', 'mch_00004', '广州宠物店', '服务', 3333, 33, 'wechat_pay', 'paid', '4200674533235863352934186263', '2025-09-17 19:38:46', '2025-09-17 19:38:46'),
('ord_20250930212340000327c26u', 'user_00069', 'mch_00009', '杭州培训机构', '教育', 1980, 19, 'wechat_pay', 'paid', '4200671318491715551623976162', '2025-09-01 20:42:50', '2025-09-01 20:42:50'),
('ord_2025093021234000032965jl', 'user_00070', 'mch_00013', '南京洗衣店', '服务', 9895, 98, 'wechat_pay', 'paid', '4200489456560904291927450059', '2025-09-27 11:57:34', '2025-09-27 11:57:34'),
('ord_20250930212340000331gd3m', 'user_00070', 'mch_00018', '广州KTV', '娱乐', 525, 5, 'wechat_pay', 'paid', '4200570592806516438296549702', '2025-09-28 11:11:17', '2025-09-28 11:11:17'),
('ord_20250930212340000333zozb', 'user_00070', 'mch_00004', '广州宠物店', '服务', 3554, 35, 'wechat_pay', 'paid', '4200482720950867335287339963', '2025-09-13 14:25:12', '2025-09-13 14:25:12'),
('ord_2025093021234000033514uk', 'user_00070', 'mch_00001', '北京汽车美容', '服务', 3528, 0, 'wechat_pay', 'cancelled', NULL, NULL, '2025-09-17 17:11:30'),
('ord_2025093021234000033655s0', 'user_00071', 'mch_00001', '北京汽车美容', '服务', 1339, 13, 'wechat_pay', 'paid', '4200828413674169912468760477', '2025-09-17 07:25:34', '2025-09-17 07:25:34'),
('ord_20250930212340000338cvy0', 'user_00071', 'mch_00002', '杭州饮品店', '零售', 6585, 0, 'wechat_pay', 'cancelled', NULL, NULL, '2025-08-02 02:49:47'),
('ord_2025093021234000033928op', 'user_00072', 'mch_00001', '北京汽车美容', '服务', 1844, 18, 'wechat_pay', 'paid', '4200298137263735167537199158', '2025-09-14 10:47:20', '2025-09-14 10:47:20'),
('ord_20250930212340000341xvpi', 'user_00072', 'mch_00016', '重庆美发店', '娱乐', 23138, 231, 'wechat_pay', 'paid', '4200135060972083531635805280', '2025-08-25 13:07:16', '2025-08-25 13:07:16'),
('ord_20250930212340000343wgz3', 'user_00072', 'mch_00002', '杭州饮品店', '零售', 2993, 29, 'wechat_pay', 'paid', '4200891860196381371481268080', '2025-09-01 22:22:50', '2025-09-01 22:22:50'),
('ord_202509302123400003453xbt', 'user_00073', 'mch_00009', '杭州培训机构', '教育', 9568, 95, 'wechat_pay', 'paid', '4200338923055264568387154102', '2025-09-13 00:51:49', '2025-09-13 00:51:49'),
('ord_20250930212340000347xr3g', 'user_00073', 'mch_00019', '东莞停车场', '服务', 2219, 22, 'wechat_pay', 'paid', '4200786272981204693644328706', '2025-09-30 14:17:08', '2025-09-30 14:17:08'),
('ord_20250930212340000349a5mz', 'user_00073', 'mch_00009', '杭州培训机构', '教育', 1167, 11, 'wechat_pay', 'paid', '4200631740560860710916094078', '2025-09-25 20:03:17', '2025-09-25 20:03:17'),
('ord_20250930212340000351xl8v', 'user_00073', 'mch_00020', '东莞手机维修', '服务', 1980, 19, 'wechat_pay', 'paid', '4200787590615872048299163489', '2025-09-25 10:05:04', '2025-09-25 10:05:04'),
('ord_20250930212340000353dkws', 'user_00074', 'mch_00002', '杭州饮品店', '零售', 9814, 98, 'wechat_pay', 'paid', '4200042352791005839656526626', '2025-09-04 00:12:32', '2025-09-04 00:12:32'),
('ord_20250930212340000355c8ca', 'user_00074', 'mch_00014', '苏州超市', '零售', 2588, 25, 'wechat_pay', 'paid', '4200761439880858979040740015', '2025-09-06 11:34:11', '2025-09-06 11:34:11'),
('ord_20250930212340000357fdmg', 'user_00074', 'mch_00001', '北京汽车美容', '服务', 1302, 13, 'wechat_pay', 'paid', '4200321302085565092441493946', '2025-09-11 18:48:05', '2025-09-11 18:48:05'),
('ord_20250930212340000359ntyq', 'user_00074', 'mch_00006', '长沙便利店', '零售', 1662, 16, 'wechat_pay', 'paid', '4200675191335295263704788459', '2025-08-08 01:38:15', '2025-08-08 01:38:15'),
('ord_202509302123400003619a8z', 'user_00075', 'mch_00008', '沈阳花店', '零售', 869, 0, 'wechat_pay', 'cancelled', NULL, NULL, '2025-09-18 20:00:12'),
('ord_20250930212340000362t918', 'user_00076', 'mch_00002', '杭州饮品店', '零售', 1432, 14, 'wechat_pay', 'paid', '4200299444066188153112626325', '2025-09-09 21:06:31', '2025-09-09 21:06:31'),
('ord_20250930212340000364ql63', 'user_00076', 'mch_00002', '杭州饮品店', '零售', 8642, 0, 'wechat_pay', 'cancelled', NULL, NULL, '2025-08-17 13:15:39'),
('ord_20250930212340000365gan6', 'user_00077', 'mch_00019', '东莞停车场', '服务', 9082, 90, 'wechat_pay', 'paid', '4200122515792768805053751322', '2025-08-04 05:37:27', '2025-08-04 05:37:27'),
('ord_202509302123400003672llb', 'user_00078', 'mch_00016', '重庆美发店', '娱乐', 3780, 37, 'wechat_pay', 'paid', '4200322671045268376739689246', '2025-09-26 04:45:19', '2025-09-26 04:45:19'),
('ord_20250930212340000369swub', 'user_00078', 'mch_00001', '北京汽车美容', '服务', 4184, 41, 'wechat_pay', 'paid', '4200614807695373390311920268', '2025-09-10 05:51:33', '2025-09-10 05:51:33'),
('ord_20250930212340000371z656', 'user_00078', 'mch_00009', '杭州培训机构', '教育', 955, 9, 'wechat_pay', 'paid', '4200910523325553108625775640', '2025-09-01 06:49:00', '2025-09-01 06:49:00'),
('ord_20250930212340000373dutf', 'user_00078', 'mch_00017', '东莞湘菜馆', '餐饮', 1599, 15, 'wechat_pay', 'paid', '4200471516446337292033318396', '2025-08-08 05:01:48', '2025-08-08 05:01:48'),
('ord_20250930212340000375j9qn', 'user_00079', 'mch_00001', '北京汽车美容', '服务', 1327, 13, 'wechat_pay', 'paid', '4200410774567751516423010471', '2025-09-04 22:35:04', '2025-09-04 22:35:04'),
('ord_202509302123400003775uto', 'user_00079', 'mch_00016', '重庆美发店', '娱乐', 1553, 15, 'wechat_pay', 'paid', '4200937686501792176865662025', '2025-08-08 00:45:11', '2025-08-08 00:45:11'),
('ord_20250930212340000379jvbv', 'user_00079', 'mch_00004', '广州宠物店', '服务', 9569, 0, 'wechat_pay', 'cancelled', NULL, NULL, '2025-08-18 14:53:56'),
('ord_20250930212340000380l0ck', 'user_00079', 'mch_00004', '广州宠物店', '服务', 1610, 16, 'wechat_pay', 'paid', '4200199113911184335844347288', '2025-09-23 12:00:30', '2025-09-23 12:00:30'),
('ord_20250930212340000382qnl4', 'user_00080', 'mch_00019', '东莞停车场', '服务', 7011, 70, 'wechat_pay', 'paid', '4200380917932420740792247623', '2025-09-16 22:51:03', '2025-09-16 22:51:03'),
('ord_20250930212340000384talk', 'user_00080', 'mch_00009', '杭州培训机构', '教育', 4396, 43, 'wechat_pay', 'paid', '4200079805871137846148945768', '2025-09-22 20:22:18', '2025-09-22 20:22:18'),
('ord_20250930212340000386nw02', 'user_00081', 'mch_00002', '杭州饮品店', '零售', 928, 9, 'wechat_pay', 'paid', '4200913655468395629465112291', '2025-09-26 00:00:25', '2025-09-26 00:00:25'),
('ord_20250930212340000388pj8t', 'user_00082', 'mch_00009', '杭州培训机构', '教育', 615, 6, 'wechat_pay', 'paid', '4200794695795919180084693396', '2025-09-01 07:30:13', '2025-09-01 07:30:13'),
('ord_20250930212340000390cqgt', 'user_00082', 'mch_00020', '东莞手机维修', '服务', 2529, 25, 'wechat_pay', 'paid', '4200250187514302516773272186', '2025-09-21 07:56:07', '2025-09-21 07:56:07'),
('ord_20250930212340000392yzoj', 'user_00082', 'mch_00018', '广州KTV', '娱乐', 2939, 29, 'wechat_pay', 'paid', '4200457510243443337700585614', '2025-08-19 09:35:13', '2025-08-19 09:35:13'),
('ord_20250930212340000394tmhe', 'user_00082', 'mch_00007', '成都羽毛球馆', '娱乐', 972, 9, 'wechat_pay', 'paid', '4200468958526906014107278494', '2025-08-27 20:03:08', '2025-08-27 20:03:08'),
('ord_202509302123400003969pka', 'user_00083', 'mch_00008', '沈阳花店', '零售', 1429, 14, 'wechat_pay', 'paid', '4200484037338280435024185826', '2025-08-17 12:15:30', '2025-08-17 12:15:30'),
('ord_20250930212340000398x3af', 'user_00083', 'mch_00001', '北京汽车美容', '服务', 2509, 25, 'wechat_pay', 'paid', '4200390533502289584791701972', '2025-09-01 01:30:46', '2025-09-01 01:30:46'),
('ord_20250930212340000400niml', 'user_00083', 'mch_00020', '东莞手机维修', '服务', 8189, 81, 'wechat_pay', 'paid', '4200860250419675927395220789', '2025-08-02 13:34:36', '2025-08-02 13:34:36'),
('ord_20250930212340000402occ5', 'user_00083', 'mch_00019', '东莞停车场', '服务', 1322, 0, 'wechat_pay', 'cancelled', NULL, NULL, '2025-09-28 07:23:00'),
('ord_20250930212340000403nrj9', 'user_00084', 'mch_00014', '苏州超市', '零售', 1255, 12, 'wechat_pay', 'paid', '4200993162817084818521324356', '2025-08-27 17:28:48', '2025-08-27 17:28:48'),
('ord_20250930212340000405oqiy', 'user_00084', 'mch_00014', '苏州超市', '零售', 4351, 43, 'wechat_pay', 'paid', '4200369931400644814116110692', '2025-08-01 16:40:43', '2025-08-01 16:40:43'),
('ord_20250930212340000407e4aj', 'user_00084', 'mch_00008', '沈阳花店', '零售', 1034, 10, 'wechat_pay', 'paid', '4200413081480549689198833222', '2025-09-25 21:46:00', '2025-09-25 21:46:00'),
('ord_20250930212340000409pmfb', 'user_00084', 'mch_00002', '杭州饮品店', '零售', 1307, 13, 'wechat_pay', 'paid', '4200630342587278934471998776', '2025-08-15 16:50:47', '2025-08-15 16:50:47'),
('ord_20250930212340000411dtzn', 'user_00085', 'mch_00010', '长沙江南味道', '餐饮', 3566, 35, 'wechat_pay', 'paid', '4200497093514182502327343958', '2025-08-30 22:30:27', '2025-08-30 22:30:27'),
('ord_20250930212340000413vn2q', 'user_00085', 'mch_00008', '沈阳花店', '零售', 907, 9, 'wechat_pay', 'paid', '4200622429351984532903805595', '2025-08-18 09:40:50', '2025-08-18 09:40:50'),
('ord_20250930212340000415ln3d', 'user_00085', 'mch_00010', '长沙江南味道', '餐饮', 1391, 13, 'wechat_pay', 'paid', '4200416421184330700641624563', '2025-08-18 16:18:04', '2025-08-18 16:18:04'),
('ord_20250930212340000417tzyd', 'user_00086', 'mch_00002', '杭州饮品店', '零售', 4905, 49, 'wechat_pay', 'paid', '4200943300607185436503590594', '2025-08-06 03:49:10', '2025-08-06 03:49:10'),
('ord_20250930212340000419bmxz', 'user_00086', 'mch_00020', '东莞手机维修', '服务', 3124, 31, 'wechat_pay', 'paid', '4200451462220540712911357771', '2025-09-14 07:22:47', '2025-09-14 07:22:47'),
('ord_202509302123400004216guc', 'user_00087', 'mch_00009', '杭州培训机构', '教育', 2151, 21, 'wechat_pay', 'paid', '4200387964802172477364220528', '2025-09-05 00:48:47', '2025-09-05 00:48:47'),
('ord_20250930212340000423l6v8', 'user_00087', 'mch_00010', '长沙江南味道', '餐饮', 1896, 18, 'wechat_pay', 'paid', '4200603648705887179080210958', '2025-08-23 10:51:24', '2025-08-23 10:51:24'),
('ord_20250930212340000425wupw', 'user_00087', 'mch_00010', '长沙江南味道', '餐饮', 2752, 27, 'wechat_pay', 'paid', '4200844670658004898736511084', '2025-08-28 01:23:28', '2025-08-28 01:23:28'),
('ord_20250930212340000427w46l', 'user_00087', 'mch_00019', '东莞停车场', '服务', 1357, 13, 'wechat_pay', 'paid', '4200759440702874170279660696', '2025-08-31 03:57:57', '2025-08-31 03:57:57'),
('ord_20250930212340000429qiev', 'user_00088', 'mch_00018', '广州KTV', '娱乐', 902, 9, 'wechat_pay', 'paid', '4200842130541583918483299301', '2025-08-08 10:45:49', '2025-08-08 10:45:49'),
('ord_20250930212340000431nkcx', 'user_00088', 'mch_00019', '东莞停车场', '服务', 9449, 0, 'wechat_pay', 'cancelled', NULL, NULL, '2025-08-30 02:18:05'),
('ord_20250930212340000432ro8y', 'user_00088', 'mch_00002', '杭州饮品店', '零售', 3373, 33, 'wechat_pay', 'paid', '4200721472384585211684146312', '2025-09-02 03:00:04', '2025-09-02 03:00:04'),
('ord_20250930212340000434zxee', 'user_00089', 'mch_00019', '东莞停车场', '服务', 1305, 0, 'wechat_pay', 'cancelled', NULL, NULL, '2025-08-25 22:21:42'),
('ord_20250930212340000435fe89', 'user_00090', 'mch_00007', '成都羽毛球馆', '娱乐', 637, 6, 'wechat_pay', 'paid', '4200230738949907801808386474', '2025-09-17 23:58:48', '2025-09-17 23:58:48'),
('ord_20250930212340000437cll5', 'user_00090', 'mch_00017', '东莞湘菜馆', '餐饮', 3025, 30, 'wechat_pay', 'paid', '4200793113795249855616520724', '2025-09-05 10:26:22', '2025-09-05 10:26:22'),
('ord_202509302123400004397th9', 'user_00090', 'mch_00019', '东莞停车场', '服务', 1280, 12, 'wechat_pay', 'paid', '4200490600854590694136001179', '2025-08-26 14:54:31', '2025-08-26 14:54:31'),
('ord_20250930212340000441s38s', 'user_00090', 'mch_00020', '东莞手机维修', '服务', 851, 8, 'wechat_pay', 'paid', '4200094057976073252163060570', '2025-09-11 05:32:01', '2025-09-11 05:32:01'),
('ord_20250930212340000443y5kg', 'user_00091', 'mch_00004', '广州宠物店', '服务', 1731, 17, 'wechat_pay', 'paid', '4200224803200835463050502734', '2025-08-24 23:13:45', '2025-08-24 23:13:45'),
('ord_20250930212340000445b1ij', 'user_00092', 'mch_00004', '广州宠物店', '服务', 43527, 435, 'wechat_pay', 'paid', '4200548980019540511022698218', '2025-08-10 12:17:31', '2025-08-10 12:17:31'),
('ord_202509302123400004472p9f', 'user_00092', 'mch_00020', '东莞手机维修', '服务', 2043, 20, 'wechat_pay', 'paid', '4200471205377034711707520952', '2025-08-14 00:46:09', '2025-08-14 00:46:09'),
('ord_20250930212340000449f8sp', 'user_00093', 'mch_00007', '成都羽毛球馆', '娱乐', 2968, 29, 'wechat_pay', 'paid', '4200282529391458811913751897', '2025-08-27 15:54:46', '2025-08-27 15:54:46'),
('ord_20250930212340000451dlsg', 'user_00093', 'mch_00018', '广州KTV', '娱乐', 633, 6, 'wechat_pay', 'paid', '4200538575007155387661918382', '2025-08-11 12:06:59', '2025-08-11 12:06:59'),
('ord_20250930212340000453xh30', 'user_00093', 'mch_00016', '重庆美发店', '娱乐', 1105, 11, 'wechat_pay', 'paid', '4200870188707407979743340836', '2025-08-19 14:03:53', '2025-08-19 14:03:53'),
('ord_20250930212340000455d5sm', 'user_00094', 'mch_00019', '东莞停车场', '服务', 2182, 21, 'wechat_pay', 'paid', '4200287926967500400601911976', '2025-08-20 19:36:33', '2025-08-20 19:36:33'),
('ord_202509302123400004576a24', 'user_00095', 'mch_00016', '重庆美发店', '娱乐', 718, 7, 'wechat_pay', 'paid', '4200122880714648453733901525', '2025-08-23 23:50:39', '2025-08-23 23:50:39'),
('ord_20250930212340000459yv36', 'user_00096', 'mch_00016', '重庆美发店', '娱乐', 922, 9, 'wechat_pay', 'paid', '4200511287210183629103822661', '2025-08-10 13:18:52', '2025-08-10 13:18:52'),
('ord_202509302123400004616hp9', 'user_00096', 'mch_00016', '重庆美发店', '娱乐', 16630, 166, 'wechat_pay', 'paid', '4200167354578616883139312969', '2025-09-07 23:29:14', '2025-09-07 23:29:14'),
('ord_202509302123400004630g88', 'user_00096', 'mch_00014', '苏州超市', '零售', 1465, 0, 'wechat_pay', 'cancelled', NULL, NULL, '2025-09-23 18:51:21'),
('ord_202509302123400004640b6r', 'user_00096', 'mch_00007', '成都羽毛球馆', '娱乐', 4897, 48, 'wechat_pay', 'paid', '4200408639780495170213241718', '2025-08-28 07:22:35', '2025-08-28 07:22:35'),
('ord_20250930212340000466s1ye', 'user_00097', 'mch_00007', '成都羽毛球馆', '娱乐', 1006, 10, 'wechat_pay', 'paid', '4200023095108789705062045601', '2025-08-06 05:31:59', '2025-08-06 05:31:59'),
('ord_202509302123400004686vio', 'user_00097', 'mch_00014', '苏州超市', '零售', 7328, 73, 'wechat_pay', 'paid', '4200833375007172306341284366', '2025-09-06 23:19:38', '2025-09-06 23:19:38'),
('ord_202509302123400004704i76', 'user_00097', 'mch_00001', '北京汽车美容', '服务', 3008, 30, 'wechat_pay', 'paid', '4200073686121926672181489715', '2025-08-16 12:18:02', '2025-08-16 12:18:02'),
('ord_20250930212340000472jpqj', 'user_00097', 'mch_00016', '重庆美发店', '娱乐', 2600, 26, 'wechat_pay', 'paid', '4200623107324120891902149689', '2025-09-24 11:41:46', '2025-09-24 11:41:46'),
('ord_20250930212340000474axul', 'user_00098', 'mch_00019', '东莞停车场', '服务', 665, 6, 'wechat_pay', 'paid', '4200187675165888593235683665', '2025-09-18 04:02:02', '2025-09-18 04:02:02'),
('ord_20250930212340000476qm3h', 'user_00098', 'mch_00020', '东莞手机维修', '服务', 1813, 18, 'wechat_pay', 'paid', '4200443456730142879668403596', '2025-09-30 02:29:33', '2025-09-30 02:29:33'),
('ord_202509302123400004782ijk', 'user_00099', 'mch_00002', '杭州饮品店', '零售', 1398, 13, 'wechat_pay', 'paid', '4200139535272158334618852520', '2025-08-07 11:14:43', '2025-08-07 11:14:43'),
('ord_202509302123400004805oe0', 'user_00099', 'mch_00019', '东莞停车场', '服务', 1414, 0, 'wechat_pay', 'cancelled', NULL, NULL, '2025-08-13 09:28:43'),
('ord_20250930212340000481as3v', 'user_00100', 'mch_00017', '东莞湘菜馆', '餐饮', 2905, 29, 'wechat_pay', 'paid', '4200518121130378005209407000', '2025-09-22 16:29:18', '2025-09-22 16:29:18'),
('ord_202509302123400004837ytc', 'user_00100', 'mch_00019', '东莞停车场', '服务', 4216, 42, 'wechat_pay', 'paid', '4200686063988660636392881169', '2025-09-18 11:57:20', '2025-09-18 11:57:20'),
('ord_202509302123400004854tro', 'user_00100', 'mch_00001', '北京汽车美容', '服务', 1227, 12, 'wechat_pay', 'paid', '4200604317681446517372343212', '2025-08-29 04:13:56', '2025-08-29 04:13:56'),
('ord_20250930212340000487itwk', 'user_00100', 'mch_00018', '广州KTV', '娱乐', 1892, 18, 'wechat_pay', 'paid', '4200132569302203468835018234', '2025-08-13 19:25:03', '2025-08-13 19:25:03');

-- 插入 216 条积分记录
INSERT INTO points_records (id, user_id, points_change, record_type, related_order_id, merchant_id, merchant_name, description, created_at) VALUES
('pts_202509302123400000027l6p', 'user_00001', 32, 'payment_reward', 'ord_20250930212340000001e1qd', 'mch_00006', '长沙便利店', '支付¥32.51获得32积分', '2025-08-02 00:13:01'),
('pts_20250930212340000004zdky', 'user_00001', 15, 'payment_reward', 'ord_20250930212340000003xkxb', 'mch_00007', '成都羽毛球馆', '支付¥15.55获得15积分', '2025-09-23 15:52:52'),
('pts_20250930212340000006ea0e', 'user_00001', 25, 'payment_reward', 'ord_20250930212340000005s88r', 'mch_00002', '杭州饮品店', '支付¥25.43获得25积分', '2025-09-03 19:21:15'),
('pts_20250930212340000009j854', 'user_00002', 216, 'payment_reward', 'ord_20250930212340000008vm68', 'mch_00001', '北京汽车美容', '支付¥216.05获得216积分', '2025-09-24 02:49:10'),
('pts_202509302123400000133sd3', 'user_00004', 5, 'payment_reward', 'ord_20250930212340000012flll', 'mch_00017', '东莞湘菜馆', '支付¥5.50获得5积分', '2025-09-11 20:19:42'),
('pts_20250930212340000015grm3', 'user_00004', 8, 'payment_reward', 'ord_20250930212340000014p26n', 'mch_00001', '北京汽车美容', '支付¥8.35获得8积分', '2025-08-23 09:04:32'),
('pts_20250930212340000017c66z', 'user_00004', 15, 'payment_reward', 'ord_20250930212340000016lk3g', 'mch_00004', '广州宠物店', '支付¥15.82获得15积分', '2025-09-11 17:29:25'),
('pts_202509302123400000202v4e', 'user_00005', 32, 'payment_reward', 'ord_20250930212340000019tiqn', 'mch_00020', '东莞手机维修', '支付¥32.39获得32积分', '2025-08-19 00:33:11'),
('pts_202509302123400000256a0k', 'user_00006', 5, 'payment_reward', 'ord_202509302123400000243zzv', 'mch_00019', '东莞停车场', '支付¥5.11获得5积分', '2025-09-10 13:43:23'),
('pts_20250930212340000029a0ee', 'user_00007', 20, 'payment_reward', 'ord_20250930212340000028k7lj', 'mch_00001', '北京汽车美容', '支付¥20.01获得20积分', '2025-09-03 12:43:39'),
('pts_20250930212340000032uvna', 'user_00008', 17, 'payment_reward', 'ord_20250930212340000031kcdf', 'mch_00001', '北京汽车美容', '支付¥17.03获得17积分', '2025-08-15 19:44:36'),
('pts_20250930212340000034owv6', 'user_00008', 40, 'payment_reward', 'ord_20250930212340000033ahhf', 'mch_00001', '北京汽车美容', '支付¥40.06获得40积分', '2025-08-08 17:03:13'),
('pts_202509302123400000363k1a', 'user_00009', 37, 'payment_reward', 'ord_202509302123400000358ac3', 'mch_00020', '东莞手机维修', '支付¥37.86获得37积分', '2025-09-17 18:20:03'),
('pts_20250930212340000039f4j5', 'user_00009', 43, 'payment_reward', 'ord_202509302123400000389x8f', 'mch_00018', '广州KTV', '支付¥43.75获得43积分', '2025-09-03 08:02:48'),
('pts_20250930212340000042cgut', 'user_00010', 67, 'payment_reward', 'ord_20250930212340000041bavk', 'mch_00002', '杭州饮品店', '支付¥67.97获得67积分', '2025-08-29 07:11:56'),
('pts_20250930212340000044m8um', 'user_00010', 39, 'payment_reward', 'ord_20250930212340000043pzuv', 'mch_00002', '杭州饮品店', '支付¥39.50获得39积分', '2025-08-07 12:08:47'),
('pts_20250930212340000046pcw4', 'user_00010', 7, 'payment_reward', 'ord_20250930212340000045vmk2', 'mch_00018', '广州KTV', '支付¥7.94获得7积分', '2025-08-19 22:10:11'),
('pts_20250930212340000048qsle', 'user_00010', 8, 'payment_reward', 'ord_20250930212340000047p7ui', 'mch_00006', '长沙便利店', '支付¥8.17获得8积分', '2025-08-07 16:50:43'),
('pts_202509302123400000505zzn', 'user_00011', 97, 'payment_reward', 'ord_20250930212340000049yofh', 'mch_00006', '长沙便利店', '支付¥97.18获得97积分', '2025-08-02 15:19:39'),
('pts_20250930212340000052j7u1', 'user_00011', 38, 'payment_reward', 'ord_20250930212340000051k8ps', 'mch_00006', '长沙便利店', '支付¥38.44获得38积分', '2025-09-28 14:00:12'),
('pts_2025093021234000005479t0', 'user_00011', 92, 'payment_reward', 'ord_20250930212340000053s4fq', 'mch_00014', '苏州超市', '支付¥92.76获得92积分', '2025-09-27 23:28:26'),
('pts_20250930212340000056y9x0', 'user_00011', 17, 'payment_reward', 'ord_20250930212340000055ttja', 'mch_00018', '广州KTV', '支付¥17.20获得17积分', '2025-08-30 05:36:34'),
('pts_20250930212340000058gn2o', 'user_00012', 35, 'payment_reward', 'ord_202509302123400000577nr0', 'mch_00004', '广州宠物店', '支付¥35.57获得35积分', '2025-08-05 20:35:17'),
('pts_20250930212340000060th7x', 'user_00012', 53, 'payment_reward', 'ord_20250930212340000059o0ov', 'mch_00007', '成都羽毛球馆', '支付¥53.49获得53积分', '2025-09-09 17:39:25'),
('pts_2025093021234000006285o2', 'user_00012', 19, 'payment_reward', 'ord_20250930212340000061hajd', 'mch_00014', '苏州超市', '支付¥19.00获得19积分', '2025-09-17 19:11:34'),
('pts_20250930212340000065vnom', 'user_00013', 14, 'payment_reward', 'ord_20250930212340000064lq3s', 'mch_00004', '广州宠物店', '支付¥14.79获得14积分', '2025-08-26 14:27:38'),
('pts_2025093021234000006747ts', 'user_00013', 18, 'payment_reward', 'ord_20250930212340000066f4lv', 'mch_00016', '重庆美发店', '支付¥18.36获得18积分', '2025-09-25 22:51:12'),
('pts_20250930212340000069rbjn', 'user_00013', 34, 'payment_reward', 'ord_20250930212340000068d0fd', 'mch_00013', '南京洗衣店', '支付¥34.61获得34积分', '2025-09-24 03:45:03'),
('pts_20250930212340000071ujyk', 'user_00014', 31, 'payment_reward', 'ord_20250930212340000070sgye', 'mch_00016', '重庆美发店', '支付¥31.88获得31积分', '2025-08-11 04:07:20'),
('pts_20250930212340000073gq6h', 'user_00014', 44, 'payment_reward', 'ord_20250930212340000072ixe4', 'mch_00002', '杭州饮品店', '支付¥44.44获得44积分', '2025-08-07 11:01:30'),
('pts_20250930212340000077lcj0', 'user_00015', 19, 'payment_reward', 'ord_202509302123400000762yk7', 'mch_00018', '广州KTV', '支付¥19.88获得19积分', '2025-09-01 21:10:00'),
('pts_202509302123400000796oux', 'user_00015', 12, 'payment_reward', 'ord_20250930212340000078rox7', 'mch_00004', '广州宠物店', '支付¥12.01获得12积分', '2025-09-05 17:32:58'),
('pts_20250930212340000081tzc9', 'user_00015', 234, 'payment_reward', 'ord_20250930212340000080ij31', 'mch_00013', '南京洗衣店', '支付¥234.13获得234积分', '2025-09-02 02:24:19'),
('pts_20250930212340000083wcf7', 'user_00015', 91, 'payment_reward', 'ord_20250930212340000082f0pl', 'mch_00018', '广州KTV', '支付¥91.81获得91积分', '2025-09-13 23:37:30'),
('pts_20250930212340000085e6hh', 'user_00016', 8, 'payment_reward', 'ord_202509302123400000845tf5', 'mch_00008', '沈阳花店', '支付¥8.98获得8积分', '2025-08-21 01:34:40'),
('pts_20250930212340000088mepz', 'user_00016', 12, 'payment_reward', 'ord_20250930212340000087q8cp', 'mch_00016', '重庆美发店', '支付¥12.89获得12积分', '2025-08-11 19:47:42'),
('pts_20250930212340000090dvtl', 'user_00016', 15, 'payment_reward', 'ord_202509302123400000896vfr', 'mch_00007', '成都羽毛球馆', '支付¥15.87获得15积分', '2025-09-17 03:28:03'),
('pts_202509302123400000921wmr', 'user_00017', 18, 'payment_reward', 'ord_20250930212340000091rn3i', 'mch_00017', '东莞湘菜馆', '支付¥18.02获得18积分', '2025-08-15 16:56:21'),
('pts_20250930212340000094nb36', 'user_00017', 404, 'payment_reward', 'ord_20250930212340000093tdyw', 'mch_00020', '东莞手机维修', '支付¥404.22获得404积分', '2025-09-17 01:24:14'),
('pts_20250930212340000097key4', 'user_00017', 18, 'payment_reward', 'ord_20250930212340000096ypaw', 'mch_00013', '南京洗衣店', '支付¥18.81获得18积分', '2025-08-22 07:04:29'),
('pts_20250930212340000099irzy', 'user_00018', 14, 'payment_reward', 'ord_20250930212340000098lqr1', 'mch_00018', '广州KTV', '支付¥14.62获得14积分', '2025-08-06 13:15:26'),
('pts_20250930212340000101gq9e', 'user_00018', 33, 'payment_reward', 'ord_20250930212340000100pt5c', 'mch_00013', '南京洗衣店', '支付¥33.93获得33积分', '2025-08-27 15:21:03'),
('pts_20250930212340000103n5oy', 'user_00018', 14, 'payment_reward', 'ord_20250930212340000102b42e', 'mch_00007', '成都羽毛球馆', '支付¥14.35获得14积分', '2025-08-04 23:31:14'),
('pts_20250930212340000105dool', 'user_00019', 9, 'payment_reward', 'ord_20250930212340000104637c', 'mch_00018', '广州KTV', '支付¥9.11获得9积分', '2025-09-08 16:36:03'),
('pts_20250930212340000107m1p5', 'user_00019', 49, 'payment_reward', 'ord_2025093021234000010603j2', 'mch_00020', '东莞手机维修', '支付¥49.25获得49积分', '2025-08-08 03:11:54'),
('pts_20250930212340000109bzun', 'user_00019', 44, 'payment_reward', 'ord_20250930212340000108pps0', 'mch_00018', '广州KTV', '支付¥44.94获得44积分', '2025-08-02 12:48:10'),
('pts_20250930212340000111qcgf', 'user_00019', 8, 'payment_reward', 'ord_20250930212340000110sudz', 'mch_00004', '广州宠物店', '支付¥8.22获得8积分', '2025-08-01 09:19:02'),
('pts_20250930212340000114x80q', 'user_00021', 12, 'payment_reward', 'ord_20250930212340000113dyfp', 'mch_00013', '南京洗衣店', '支付¥12.73获得12积分', '2025-09-28 22:04:22'),
('pts_20250930212340000118fp1q', 'user_00022', 47, 'payment_reward', 'ord_20250930212340000117z8km', 'mch_00019', '东莞停车场', '支付¥47.81获得47积分', '2025-08-23 06:40:01'),
('pts_20250930212340000120lz25', 'user_00023', 13, 'payment_reward', 'ord_202509302123400001198i08', 'mch_00019', '东莞停车场', '支付¥13.78获得13积分', '2025-09-26 10:08:25'),
('pts_20250930212340000122c0k6', 'user_00023', 37, 'payment_reward', 'ord_20250930212340000121opq7', 'mch_00004', '广州宠物店', '支付¥37.75获得37积分', '2025-07-31 23:19:02'),
('pts_20250930212340000125lqb7', 'user_00024', 26, 'payment_reward', 'ord_20250930212340000124pf43', 'mch_00016', '重庆美发店', '支付¥26.20获得26积分', '2025-09-24 09:41:27'),
('pts_202509302123400001272lxo', 'user_00024', 16, 'payment_reward', 'ord_20250930212340000126v0xa', 'mch_00013', '南京洗衣店', '支付¥16.90获得16积分', '2025-08-18 17:03:17'),
('pts_20250930212340000130xcde', 'user_00025', 83, 'payment_reward', 'ord_20250930212340000129zame', 'mch_00014', '苏州超市', '支付¥83.74获得83积分', '2025-09-04 23:27:22'),
('pts_202509302123400001328gjq', 'user_00026', 14, 'payment_reward', 'ord_20250930212340000131wn6p', 'mch_00007', '成都羽毛球馆', '支付¥14.96获得14积分', '2025-08-23 22:25:41'),
('pts_20250930212340000135qhdx', 'user_00026', 8, 'payment_reward', 'ord_20250930212340000134ag3i', 'mch_00020', '东莞手机维修', '支付¥8.35获得8积分', '2025-08-21 17:28:27'),
('pts_20250930212340000137g8i3', 'user_00027', 9, 'payment_reward', 'ord_20250930212340000136pl0u', 'mch_00017', '东莞湘菜馆', '支付¥9.77获得9积分', '2025-08-31 21:09:21'),
('pts_20250930212340000139jy7q', 'user_00027', 47, 'payment_reward', 'ord_202509302123400001386w36', 'mch_00008', '沈阳花店', '支付¥47.52获得47积分', '2025-09-11 14:00:10'),
('pts_20250930212340000141zeek', 'user_00028', 5, 'payment_reward', 'ord_202509302123400001403ost', 'mch_00020', '东莞手机维修', '支付¥5.26获得5积分', '2025-08-25 03:37:44'),
('pts_20250930212340000143i16o', 'user_00029', 7, 'payment_reward', 'ord_20250930212340000142dd05', 'mch_00017', '东莞湘菜馆', '支付¥7.42获得7积分', '2025-08-31 19:45:23'),
('pts_20250930212340000145fqoo', 'user_00029', 6, 'payment_reward', 'ord_20250930212340000144faya', 'mch_00018', '广州KTV', '支付¥6.30获得6积分', '2025-09-06 05:42:06'),
('pts_20250930212340000147vr3d', 'user_00029', 66, 'payment_reward', 'ord_202509302123400001460fnl', 'mch_00007', '成都羽毛球馆', '支付¥66.48获得66积分', '2025-09-03 16:52:14'),
('pts_20250930212340000149psom', 'user_00029', 24, 'payment_reward', 'ord_20250930212340000148cf8m', 'mch_00020', '东莞手机维修', '支付¥24.51获得24积分', '2025-09-21 14:57:09'),
('pts_20250930212340000151nah7', 'user_00030', 5, 'payment_reward', 'ord_20250930212340000150mu5f', 'mch_00016', '重庆美发店', '支付¥5.21获得5积分', '2025-09-22 22:00:42'),
('pts_202509302123400001573mpd', 'user_00032', 57, 'payment_reward', 'ord_20250930212340000156go60', 'mch_00014', '苏州超市', '支付¥57.67获得57积分', '2025-09-30 09:25:53'),
('pts_20250930212340000160d4qg', 'user_00034', 23, 'payment_reward', 'ord_20250930212340000159vjn4', 'mch_00008', '沈阳花店', '支付¥23.61获得23积分', '2025-08-23 00:01:55'),
('pts_202509302123400001632ow6', 'user_00034', 5, 'payment_reward', 'ord_202509302123400001623yjr', 'mch_00014', '苏州超市', '支付¥5.91获得5积分', '2025-09-13 14:10:47'),
('pts_202509302123400001664m4d', 'user_00035', 12, 'payment_reward', 'ord_20250930212340000165bngi', 'mch_00004', '广州宠物店', '支付¥12.25获得12积分', '2025-08-16 00:02:59'),
('pts_202509302123400001683knz', 'user_00035', 69, 'payment_reward', 'ord_20250930212340000167yyyv', 'mch_00008', '沈阳花店', '支付¥69.61获得69积分', '2025-08-29 14:33:05'),
('pts_20250930212340000172z65a', 'user_00036', 47, 'payment_reward', 'ord_20250930212340000171l7kl', 'mch_00002', '杭州饮品店', '支付¥47.21获得47积分', '2025-09-20 14:49:25'),
('pts_20250930212340000174yc9y', 'user_00036', 13, 'payment_reward', 'ord_202509302123400001730blr', 'mch_00001', '北京汽车美容', '支付¥13.66获得13积分', '2025-09-17 06:25:09'),
('pts_202509302123400001769vlg', 'user_00036', 7, 'payment_reward', 'ord_20250930212340000175uq41', 'mch_00014', '苏州超市', '支付¥7.39获得7积分', '2025-08-10 20:27:38'),
('pts_20250930212340000178o9kr', 'user_00037', 43, 'payment_reward', 'ord_20250930212340000177ef3n', 'mch_00010', '长沙江南味道', '支付¥43.09获得43积分', '2025-08-02 06:09:28'),
('pts_20250930212340000180kikr', 'user_00037', 316, 'payment_reward', 'ord_202509302123400001795umu', 'mch_00004', '广州宠物店', '支付¥316.26获得316积分', '2025-09-04 12:33:57'),
('pts_20250930212340000182eakw', 'user_00037', 10, 'payment_reward', 'ord_20250930212340000181wz95', 'mch_00013', '南京洗衣店', '支付¥10.96获得10积分', '2025-08-13 19:34:21'),
('pts_20250930212340000184nr1y', 'user_00038', 7, 'payment_reward', 'ord_20250930212340000183xsac', 'mch_00014', '苏州超市', '支付¥7.04获得7积分', '2025-09-15 20:12:39'),
('pts_2025093021234000018616nm', 'user_00038', 19, 'payment_reward', 'ord_20250930212340000185ynfo', 'mch_00007', '成都羽毛球馆', '支付¥19.05获得19积分', '2025-09-30 06:16:03'),
('pts_20250930212340000188a85i', 'user_00038', 17, 'payment_reward', 'ord_202509302123400001876t8m', 'mch_00008', '沈阳花店', '支付¥17.97获得17积分', '2025-09-02 01:06:26'),
('pts_202509302123400001904agz', 'user_00038', 70, 'payment_reward', 'ord_202509302123400001894xhd', 'mch_00009', '杭州培训机构', '支付¥70.11获得70积分', '2025-08-08 10:02:59'),
('pts_20250930212340000192uggc', 'user_00039', 50, 'payment_reward', 'ord_20250930212340000191gok3', 'mch_00008', '沈阳花店', '支付¥50.75获得50积分', '2025-09-27 23:20:29'),
('pts_20250930212340000195d5ki', 'user_00039', 26, 'payment_reward', 'ord_202509302123400001943o3v', 'mch_00007', '成都羽毛球馆', '支付¥26.36获得26积分', '2025-08-05 11:36:11'),
('pts_202509302123400001976hxb', 'user_00039', 24, 'payment_reward', 'ord_20250930212340000196ujhb', 'mch_00013', '南京洗衣店', '支付¥24.24获得24积分', '2025-08-03 23:29:20'),
('pts_20250930212340000199x1q6', 'user_00040', 44, 'payment_reward', 'ord_20250930212340000198zr9f', 'mch_00018', '广州KTV', '支付¥44.14获得44积分', '2025-09-07 00:18:49'),
('pts_20250930212340000201rjvx', 'user_00041', 11, 'payment_reward', 'ord_20250930212340000200lcn6', 'mch_00019', '东莞停车场', '支付¥11.79获得11积分', '2025-09-19 11:55:02'),
('pts_202509302123400002033rmk', 'user_00041', 38, 'payment_reward', 'ord_20250930212340000202ynx8', 'mch_00010', '长沙江南味道', '支付¥38.19获得38积分', '2025-08-16 00:59:22'),
('pts_20250930212340000205i9ej', 'user_00042', 30, 'payment_reward', 'ord_202509302123400002049jzr', 'mch_00013', '南京洗衣店', '支付¥30.04获得30积分', '2025-08-28 13:55:52'),
('pts_20250930212340000207utq9', 'user_00043', 6, 'payment_reward', 'ord_20250930212340000206x87l', 'mch_00016', '重庆美发店', '支付¥6.55获得6积分', '2025-09-11 14:23:22'),
('pts_20250930212340000209teu3', 'user_00043', 46, 'payment_reward', 'ord_20250930212340000208cisd', 'mch_00019', '东莞停车场', '支付¥46.12获得46积分', '2025-08-02 07:43:12'),
('pts_202509302123400002111eqm', 'user_00043', 9, 'payment_reward', 'ord_20250930212340000210catv', 'mch_00018', '广州KTV', '支付¥9.14获得9积分', '2025-09-11 14:08:58'),
('pts_20250930212340000213d6we', 'user_00043', 37, 'payment_reward', 'ord_20250930212340000212d6d6', 'mch_00001', '北京汽车美容', '支付¥37.67获得37积分', '2025-08-06 17:31:38'),
('pts_20250930212340000216sjd2', 'user_00044', 39, 'payment_reward', 'ord_20250930212340000215c80u', 'mch_00002', '杭州饮品店', '支付¥39.64获得39积分', '2025-08-11 21:39:27'),
('pts_20250930212340000218l9xz', 'user_00044', 6, 'payment_reward', 'ord_20250930212340000217xtwa', 'mch_00013', '南京洗衣店', '支付¥6.00获得6积分', '2025-08-30 03:50:33'),
('pts_202509302123400002201udh', 'user_00044', 41, 'payment_reward', 'ord_20250930212340000219i8ow', 'mch_00006', '长沙便利店', '支付¥41.04获得41积分', '2025-09-07 14:11:35'),
('pts_20250930212340000222zy0e', 'user_00045', 7, 'payment_reward', 'ord_20250930212340000221xcw0', 'mch_00017', '东莞湘菜馆', '支付¥7.66获得7积分', '2025-08-08 23:54:44'),
('pts_2025093021234000022583dj', 'user_00045', 27, 'payment_reward', 'ord_20250930212340000224923r', 'mch_00007', '成都羽毛球馆', '支付¥27.57获得27积分', '2025-09-20 05:08:05'),
('pts_20250930212340000227qkjh', 'user_00045', 56, 'payment_reward', 'ord_20250930212340000226xatn', 'mch_00013', '南京洗衣店', '支付¥56.56获得56积分', '2025-09-17 07:12:16'),
('pts_2025093021234000022956ah', 'user_00046', 36, 'payment_reward', 'ord_20250930212340000228hojt', 'mch_00007', '成都羽毛球馆', '支付¥36.47获得36积分', '2025-09-10 13:34:59'),
('pts_20250930212340000231bp17', 'user_00046', 25, 'payment_reward', 'ord_2025093021234000023031gz', 'mch_00002', '杭州饮品店', '支付¥25.72获得25积分', '2025-08-15 02:25:29'),
('pts_20250930212340000233o6bg', 'user_00046', 15, 'payment_reward', 'ord_202509302123400002327ehp', 'mch_00017', '东莞湘菜馆', '支付¥15.15获得15积分', '2025-08-01 09:58:37'),
('pts_20250930212340000235guqa', 'user_00046', 11, 'payment_reward', 'ord_202509302123400002342767', 'mch_00017', '东莞湘菜馆', '支付¥11.23获得11积分', '2025-09-05 23:32:17'),
('pts_202509302123400002377dvy', 'user_00047', 97, 'payment_reward', 'ord_202509302123400002360e82', 'mch_00001', '北京汽车美容', '支付¥97.71获得97积分', '2025-08-27 04:13:27'),
('pts_20250930212340000239o379', 'user_00048', 88, 'payment_reward', 'ord_202509302123400002387ixu', 'mch_00008', '沈阳花店', '支付¥88.96获得88积分', '2025-09-17 02:30:12'),
('pts_2025093021234000024397nk', 'user_00049', 10, 'payment_reward', 'ord_20250930212340000242o1g0', 'mch_00014', '苏州超市', '支付¥10.03获得10积分', '2025-09-25 21:08:13'),
('pts_20250930212340000245np13', 'user_00049', 49, 'payment_reward', 'ord_20250930212340000244pex5', 'mch_00009', '杭州培训机构', '支付¥49.58获得49积分', '2025-08-11 13:36:33'),
('pts_20250930212340000247k1l7', 'user_00050', 16, 'payment_reward', 'ord_20250930212340000246i4rp', 'mch_00016', '重庆美发店', '支付¥16.88获得16积分', '2025-09-12 09:04:35'),
('pts_20250930212340000249rbml', 'user_00050', 30, 'payment_reward', 'ord_202509302123400002481jm6', 'mch_00016', '重庆美发店', '支付¥30.53获得30积分', '2025-08-05 16:43:20'),
('pts_20250930212340000254fga4', 'user_00053', 146, 'payment_reward', 'ord_202509302123400002531au7', 'mch_00001', '北京汽车美容', '支付¥146.10获得146积分', '2025-08-12 15:01:00'),
('pts_20250930212340000256f75p', 'user_00053', 33, 'payment_reward', 'ord_202509302123400002552k2p', 'mch_00017', '东莞湘菜馆', '支付¥33.41获得33积分', '2025-09-07 04:39:56'),
('pts_20250930212340000258eew3', 'user_00054', 13, 'payment_reward', 'ord_20250930212340000257kcxa', 'mch_00020', '东莞手机维修', '支付¥13.20获得13积分', '2025-09-23 08:46:13'),
('pts_20250930212340000260ob16', 'user_00055', 16, 'payment_reward', 'ord_202509302123400002597ni5', 'mch_00009', '杭州培训机构', '支付¥16.77获得16积分', '2025-09-18 06:41:20'),
('pts_202509302123400002628c8n', 'user_00055', 39, 'payment_reward', 'ord_20250930212340000261xoo4', 'mch_00009', '杭州培训机构', '支付¥39.05获得39积分', '2025-09-25 09:16:47'),
('pts_20250930212340000264gzgd', 'user_00055', 35, 'payment_reward', 'ord_20250930212340000263m89p', 'mch_00016', '重庆美发店', '支付¥35.88获得35积分', '2025-08-28 05:10:54'),
('pts_20250930212340000266gwxq', 'user_00055', 300, 'payment_reward', 'ord_20250930212340000265td88', 'mch_00007', '成都羽毛球馆', '支付¥300.58获得300积分', '2025-09-11 02:54:23'),
('pts_20250930212340000268m892', 'user_00056', 15, 'payment_reward', 'ord_20250930212340000267v7kq', 'mch_00017', '东莞湘菜馆', '支付¥15.97获得15积分', '2025-09-18 07:21:16'),
('pts_202509302123400002725g4q', 'user_00057', 13, 'payment_reward', 'ord_20250930212340000271twoe', 'mch_00009', '杭州培训机构', '支付¥13.98获得13积分', '2025-08-31 11:09:50'),
('pts_20250930212340000274pwbv', 'user_00057', 46, 'payment_reward', 'ord_20250930212340000273fohv', 'mch_00019', '东莞停车场', '支付¥46.89获得46积分', '2025-08-02 11:51:06'),
('pts_20250930212340000276b8bc', 'user_00057', 92, 'payment_reward', 'ord_20250930212340000275woks', 'mch_00019', '东莞停车场', '支付¥92.85获得92积分', '2025-09-01 14:38:42'),
('pts_20250930212340000278dc0v', 'user_00057', 34, 'payment_reward', 'ord_20250930212340000277hkhg', 'mch_00001', '北京汽车美容', '支付¥34.72获得34积分', '2025-09-29 17:23:41'),
('pts_20250930212340000280ya0g', 'user_00058', 12, 'payment_reward', 'ord_20250930212340000279sx9k', 'mch_00004', '广州宠物店', '支付¥12.60获得12积分', '2025-09-26 23:48:52'),
('pts_20250930212340000282dakj', 'user_00059', 46, 'payment_reward', 'ord_20250930212340000281pwky', 'mch_00001', '北京汽车美容', '支付¥46.02获得46积分', '2025-08-21 11:16:34'),
('pts_20250930212340000284utie', 'user_00059', 11, 'payment_reward', 'ord_20250930212340000283iss8', 'mch_00008', '沈阳花店', '支付¥11.97获得11积分', '2025-08-02 21:45:49'),
('pts_2025093021234000028617i3', 'user_00060', 7, 'payment_reward', 'ord_2025093021234000028525s3', 'mch_00002', '杭州饮品店', '支付¥7.44获得7积分', '2025-09-16 02:28:25'),
('pts_20250930212340000288z91e', 'user_00061', 48, 'payment_reward', 'ord_2025093021234000028768wi', 'mch_00018', '广州KTV', '支付¥48.51获得48积分', '2025-08-14 16:28:07'),
('pts_20250930212340000290qd7d', 'user_00061', 94, 'payment_reward', 'ord_20250930212340000289zbd2', 'mch_00008', '沈阳花店', '支付¥94.57获得94积分', '2025-09-06 11:32:20'),
('pts_20250930212340000293q42y', 'user_00062', 43, 'payment_reward', 'ord_2025093021234000029213u0', 'mch_00007', '成都羽毛球馆', '支付¥43.29获得43积分', '2025-09-19 04:53:10'),
('pts_20250930212340000295mr3m', 'user_00062', 7, 'payment_reward', 'ord_20250930212340000294ki14', 'mch_00009', '杭州培训机构', '支付¥7.78获得7积分', '2025-09-27 23:04:49'),
('pts_202509302123400002976hha', 'user_00062', 48, 'payment_reward', 'ord_202509302123400002969d5r', 'mch_00017', '东莞湘菜馆', '支付¥48.34获得48积分', '2025-08-24 16:05:57'),
('pts_202509302123400002992l8w', 'user_00063', 16, 'payment_reward', 'ord_20250930212340000298grav', 'mch_00002', '杭州饮品店', '支付¥16.81获得16积分', '2025-09-19 08:57:28'),
('pts_20250930212340000301q1dj', 'user_00063', 23, 'payment_reward', 'ord_20250930212340000300albg', 'mch_00019', '东莞停车场', '支付¥23.35获得23积分', '2025-08-19 15:17:21'),
('pts_20250930212340000303whyh', 'user_00063', 17, 'payment_reward', 'ord_202509302123400003020s2h', 'mch_00020', '东莞手机维修', '支付¥17.83获得17积分', '2025-09-09 21:34:42'),
('pts_20250930212340000305g12s', 'user_00064', 16, 'payment_reward', 'ord_20250930212340000304otyu', 'mch_00006', '长沙便利店', '支付¥16.66获得16积分', '2025-08-02 17:04:29'),
('pts_20250930212340000308y4sh', 'user_00064', 9, 'payment_reward', 'ord_20250930212340000307w8r3', 'mch_00008', '沈阳花店', '支付¥9.51获得9积分', '2025-09-11 05:26:49'),
('pts_20250930212340000311rml8', 'user_00065', 5, 'payment_reward', 'ord_20250930212340000310papa', 'mch_00008', '沈阳花店', '支付¥5.77获得5积分', '2025-08-19 08:23:20'),
('pts_20250930212340000313832j', 'user_00066', 40, 'payment_reward', 'ord_20250930212340000312f7b3', 'mch_00006', '长沙便利店', '支付¥40.12获得40积分', '2025-09-13 14:42:36'),
('pts_20250930212340000315k3o5', 'user_00066', 5, 'payment_reward', 'ord_20250930212340000314s9cn', 'mch_00020', '东莞手机维修', '支付¥5.08获得5积分', '2025-09-20 18:58:58'),
('pts_20250930212340000317m9p7', 'user_00066', 45, 'payment_reward', 'ord_20250930212340000316c2d0', 'mch_00018', '广州KTV', '支付¥45.16获得45积分', '2025-09-11 02:20:42'),
('pts_20250930212340000319ghlm', 'user_00067', 32, 'payment_reward', 'ord_20250930212340000318g016', 'mch_00006', '长沙便利店', '支付¥32.42获得32积分', '2025-09-28 02:45:23'),
('pts_202509302123400003229qt9', 'user_00068', 41, 'payment_reward', 'ord_20250930212340000321f8d5', 'mch_00004', '广州宠物店', '支付¥41.47获得41积分', '2025-09-11 20:17:14'),
('pts_20250930212340000324rx9e', 'user_00068', 14, 'payment_reward', 'ord_20250930212340000323wh1k', 'mch_00018', '广州KTV', '支付¥14.00获得14积分', '2025-09-17 13:54:16'),
('pts_20250930212340000326efh5', 'user_00068', 33, 'payment_reward', 'ord_20250930212340000325b5pd', 'mch_00004', '广州宠物店', '支付¥33.33获得33积分', '2025-09-17 19:38:46'),
('pts_20250930212340000328dndo', 'user_00069', 19, 'payment_reward', 'ord_20250930212340000327c26u', 'mch_00009', '杭州培训机构', '支付¥19.80获得19积分', '2025-09-01 20:42:50'),
('pts_20250930212340000330zp0t', 'user_00070', 98, 'payment_reward', 'ord_2025093021234000032965jl', 'mch_00013', '南京洗衣店', '支付¥98.95获得98积分', '2025-09-27 11:57:34'),
('pts_20250930212340000332j0c3', 'user_00070', 5, 'payment_reward', 'ord_20250930212340000331gd3m', 'mch_00018', '广州KTV', '支付¥5.25获得5积分', '2025-09-28 11:11:17'),
('pts_20250930212340000334b06w', 'user_00070', 35, 'payment_reward', 'ord_20250930212340000333zozb', 'mch_00004', '广州宠物店', '支付¥35.54获得35积分', '2025-09-13 14:25:12'),
('pts_20250930212340000337ycp3', 'user_00071', 13, 'payment_reward', 'ord_2025093021234000033655s0', 'mch_00001', '北京汽车美容', '支付¥13.39获得13积分', '2025-09-17 07:25:34'),
('pts_202509302123400003402epw', 'user_00072', 18, 'payment_reward', 'ord_2025093021234000033928op', 'mch_00001', '北京汽车美容', '支付¥18.44获得18积分', '2025-09-14 10:47:20'),
('pts_20250930212340000342ulf6', 'user_00072', 231, 'payment_reward', 'ord_20250930212340000341xvpi', 'mch_00016', '重庆美发店', '支付¥231.38获得231积分', '2025-08-25 13:07:16'),
('pts_20250930212340000344od2z', 'user_00072', 29, 'payment_reward', 'ord_20250930212340000343wgz3', 'mch_00002', '杭州饮品店', '支付¥29.93获得29积分', '2025-09-01 22:22:50'),
('pts_202509302123400003467l8s', 'user_00073', 95, 'payment_reward', 'ord_202509302123400003453xbt', 'mch_00009', '杭州培训机构', '支付¥95.68获得95积分', '2025-09-13 00:51:49'),
('pts_2025093021234000034890ul', 'user_00073', 22, 'payment_reward', 'ord_20250930212340000347xr3g', 'mch_00019', '东莞停车场', '支付¥22.19获得22积分', '2025-09-30 14:17:08'),
('pts_20250930212340000350yizq', 'user_00073', 11, 'payment_reward', 'ord_20250930212340000349a5mz', 'mch_00009', '杭州培训机构', '支付¥11.67获得11积分', '2025-09-25 20:03:17'),
('pts_20250930212340000352lias', 'user_00073', 19, 'payment_reward', 'ord_20250930212340000351xl8v', 'mch_00020', '东莞手机维修', '支付¥19.80获得19积分', '2025-09-25 10:05:04'),
('pts_20250930212340000354ntwh', 'user_00074', 98, 'payment_reward', 'ord_20250930212340000353dkws', 'mch_00002', '杭州饮品店', '支付¥98.14获得98积分', '2025-09-04 00:12:32'),
('pts_20250930212340000356zjcp', 'user_00074', 25, 'payment_reward', 'ord_20250930212340000355c8ca', 'mch_00014', '苏州超市', '支付¥25.88获得25积分', '2025-09-06 11:34:11'),
('pts_20250930212340000358lbhp', 'user_00074', 13, 'payment_reward', 'ord_20250930212340000357fdmg', 'mch_00001', '北京汽车美容', '支付¥13.02获得13积分', '2025-09-11 18:48:05'),
('pts_20250930212340000360x3v1', 'user_00074', 16, 'payment_reward', 'ord_20250930212340000359ntyq', 'mch_00006', '长沙便利店', '支付¥16.62获得16积分', '2025-08-08 01:38:15'),
('pts_202509302123400003637xsa', 'user_00076', 14, 'payment_reward', 'ord_20250930212340000362t918', 'mch_00002', '杭州饮品店', '支付¥14.32获得14积分', '2025-09-09 21:06:31'),
('pts_20250930212340000366y5di', 'user_00077', 90, 'payment_reward', 'ord_20250930212340000365gan6', 'mch_00019', '东莞停车场', '支付¥90.82获得90积分', '2025-08-04 05:37:27'),
('pts_202509302123400003684rt0', 'user_00078', 37, 'payment_reward', 'ord_202509302123400003672llb', 'mch_00016', '重庆美发店', '支付¥37.80获得37积分', '2025-09-26 04:45:19'),
('pts_20250930212340000370ecsm', 'user_00078', 41, 'payment_reward', 'ord_20250930212340000369swub', 'mch_00001', '北京汽车美容', '支付¥41.84获得41积分', '2025-09-10 05:51:33'),
('pts_20250930212340000372xqli', 'user_00078', 9, 'payment_reward', 'ord_20250930212340000371z656', 'mch_00009', '杭州培训机构', '支付¥9.55获得9积分', '2025-09-01 06:49:00'),
('pts_20250930212340000374mw3d', 'user_00078', 15, 'payment_reward', 'ord_20250930212340000373dutf', 'mch_00017', '东莞湘菜馆', '支付¥15.99获得15积分', '2025-08-08 05:01:48'),
('pts_20250930212340000376phz4', 'user_00079', 13, 'payment_reward', 'ord_20250930212340000375j9qn', 'mch_00001', '北京汽车美容', '支付¥13.27获得13积分', '2025-09-04 22:35:04'),
('pts_202509302123400003787wqw', 'user_00079', 15, 'payment_reward', 'ord_202509302123400003775uto', 'mch_00016', '重庆美发店', '支付¥15.53获得15积分', '2025-08-08 00:45:11'),
('pts_20250930212340000381a9aq', 'user_00079', 16, 'payment_reward', 'ord_20250930212340000380l0ck', 'mch_00004', '广州宠物店', '支付¥16.10获得16积分', '2025-09-23 12:00:30'),
('pts_202509302123400003831tif', 'user_00080', 70, 'payment_reward', 'ord_20250930212340000382qnl4', 'mch_00019', '东莞停车场', '支付¥70.11获得70积分', '2025-09-16 22:51:03'),
('pts_2025093021234000038527zh', 'user_00080', 43, 'payment_reward', 'ord_20250930212340000384talk', 'mch_00009', '杭州培训机构', '支付¥43.96获得43积分', '2025-09-22 20:22:18'),
('pts_20250930212340000387xcf2', 'user_00081', 9, 'payment_reward', 'ord_20250930212340000386nw02', 'mch_00002', '杭州饮品店', '支付¥9.28获得9积分', '2025-09-26 00:00:25'),
('pts_202509302123400003893bln', 'user_00082', 6, 'payment_reward', 'ord_20250930212340000388pj8t', 'mch_00009', '杭州培训机构', '支付¥6.15获得6积分', '2025-09-01 07:30:13'),
('pts_20250930212340000391x8l5', 'user_00082', 25, 'payment_reward', 'ord_20250930212340000390cqgt', 'mch_00020', '东莞手机维修', '支付¥25.29获得25积分', '2025-09-21 07:56:07'),
('pts_20250930212340000393aw4x', 'user_00082', 29, 'payment_reward', 'ord_20250930212340000392yzoj', 'mch_00018', '广州KTV', '支付¥29.39获得29积分', '2025-08-19 09:35:13'),
('pts_20250930212340000395vbce', 'user_00082', 9, 'payment_reward', 'ord_20250930212340000394tmhe', 'mch_00007', '成都羽毛球馆', '支付¥9.72获得9积分', '2025-08-27 20:03:08'),
('pts_20250930212340000397z8qr', 'user_00083', 14, 'payment_reward', 'ord_202509302123400003969pka', 'mch_00008', '沈阳花店', '支付¥14.29获得14积分', '2025-08-17 12:15:30'),
('pts_20250930212340000399dhne', 'user_00083', 25, 'payment_reward', 'ord_20250930212340000398x3af', 'mch_00001', '北京汽车美容', '支付¥25.09获得25积分', '2025-09-01 01:30:46'),
('pts_20250930212340000401gtbk', 'user_00083', 81, 'payment_reward', 'ord_20250930212340000400niml', 'mch_00020', '东莞手机维修', '支付¥81.89获得81积分', '2025-08-02 13:34:36'),
('pts_20250930212340000404zbwv', 'user_00084', 12, 'payment_reward', 'ord_20250930212340000403nrj9', 'mch_00014', '苏州超市', '支付¥12.55获得12积分', '2025-08-27 17:28:48'),
('pts_20250930212340000406zdtq', 'user_00084', 43, 'payment_reward', 'ord_20250930212340000405oqiy', 'mch_00014', '苏州超市', '支付¥43.51获得43积分', '2025-08-01 16:40:43'),
('pts_20250930212340000408hu3j', 'user_00084', 10, 'payment_reward', 'ord_20250930212340000407e4aj', 'mch_00008', '沈阳花店', '支付¥10.34获得10积分', '2025-09-25 21:46:00'),
('pts_20250930212340000410p4g3', 'user_00084', 13, 'payment_reward', 'ord_20250930212340000409pmfb', 'mch_00002', '杭州饮品店', '支付¥13.07获得13积分', '2025-08-15 16:50:47'),
('pts_20250930212340000412ftl8', 'user_00085', 35, 'payment_reward', 'ord_20250930212340000411dtzn', 'mch_00010', '长沙江南味道', '支付¥35.66获得35积分', '2025-08-30 22:30:27'),
('pts_20250930212340000414cq4c', 'user_00085', 9, 'payment_reward', 'ord_20250930212340000413vn2q', 'mch_00008', '沈阳花店', '支付¥9.07获得9积分', '2025-08-18 09:40:50'),
('pts_20250930212340000416upi8', 'user_00085', 13, 'payment_reward', 'ord_20250930212340000415ln3d', 'mch_00010', '长沙江南味道', '支付¥13.91获得13积分', '2025-08-18 16:18:04'),
('pts_20250930212340000418ozpo', 'user_00086', 49, 'payment_reward', 'ord_20250930212340000417tzyd', 'mch_00002', '杭州饮品店', '支付¥49.05获得49积分', '2025-08-06 03:49:10'),
('pts_20250930212340000420k8wu', 'user_00086', 31, 'payment_reward', 'ord_20250930212340000419bmxz', 'mch_00020', '东莞手机维修', '支付¥31.24获得31积分', '2025-09-14 07:22:47'),
('pts_20250930212340000422fuuv', 'user_00087', 21, 'payment_reward', 'ord_202509302123400004216guc', 'mch_00009', '杭州培训机构', '支付¥21.51获得21积分', '2025-09-05 00:48:47'),
('pts_202509302123400004245vsj', 'user_00087', 18, 'payment_reward', 'ord_20250930212340000423l6v8', 'mch_00010', '长沙江南味道', '支付¥18.96获得18积分', '2025-08-23 10:51:24'),
('pts_20250930212340000426ggjs', 'user_00087', 27, 'payment_reward', 'ord_20250930212340000425wupw', 'mch_00010', '长沙江南味道', '支付¥27.52获得27积分', '2025-08-28 01:23:28'),
('pts_20250930212340000428wg8o', 'user_00087', 13, 'payment_reward', 'ord_20250930212340000427w46l', 'mch_00019', '东莞停车场', '支付¥13.57获得13积分', '2025-08-31 03:57:57'),
('pts_20250930212340000430etih', 'user_00088', 9, 'payment_reward', 'ord_20250930212340000429qiev', 'mch_00018', '广州KTV', '支付¥9.02获得9积分', '2025-08-08 10:45:49'),
('pts_20250930212340000433w5nq', 'user_00088', 33, 'payment_reward', 'ord_20250930212340000432ro8y', 'mch_00002', '杭州饮品店', '支付¥33.73获得33积分', '2025-09-02 03:00:04'),
('pts_20250930212340000436ga50', 'user_00090', 6, 'payment_reward', 'ord_20250930212340000435fe89', 'mch_00007', '成都羽毛球馆', '支付¥6.37获得6积分', '2025-09-17 23:58:48'),
('pts_20250930212340000438561s', 'user_00090', 30, 'payment_reward', 'ord_20250930212340000437cll5', 'mch_00017', '东莞湘菜馆', '支付¥30.25获得30积分', '2025-09-05 10:26:22'),
('pts_20250930212340000440fk6l', 'user_00090', 12, 'payment_reward', 'ord_202509302123400004397th9', 'mch_00019', '东莞停车场', '支付¥12.80获得12积分', '2025-08-26 14:54:31'),
('pts_20250930212340000442479c', 'user_00090', 8, 'payment_reward', 'ord_20250930212340000441s38s', 'mch_00020', '东莞手机维修', '支付¥8.51获得8积分', '2025-09-11 05:32:01'),
('pts_20250930212340000444b2sy', 'user_00091', 17, 'payment_reward', 'ord_20250930212340000443y5kg', 'mch_00004', '广州宠物店', '支付¥17.31获得17积分', '2025-08-24 23:13:45'),
('pts_2025093021234000044603g7', 'user_00092', 435, 'payment_reward', 'ord_20250930212340000445b1ij', 'mch_00004', '广州宠物店', '支付¥435.27获得435积分', '2025-08-10 12:17:31'),
('pts_20250930212340000448yjbi', 'user_00092', 20, 'payment_reward', 'ord_202509302123400004472p9f', 'mch_00020', '东莞手机维修', '支付¥20.43获得20积分', '2025-08-14 00:46:09'),
('pts_202509302123400004502ep3', 'user_00093', 29, 'payment_reward', 'ord_20250930212340000449f8sp', 'mch_00007', '成都羽毛球馆', '支付¥29.68获得29积分', '2025-08-27 15:54:46'),
('pts_20250930212340000452vngv', 'user_00093', 6, 'payment_reward', 'ord_20250930212340000451dlsg', 'mch_00018', '广州KTV', '支付¥6.33获得6积分', '2025-08-11 12:06:59'),
('pts_20250930212340000454a4yg', 'user_00093', 11, 'payment_reward', 'ord_20250930212340000453xh30', 'mch_00016', '重庆美发店', '支付¥11.05获得11积分', '2025-08-19 14:03:53'),
('pts_20250930212340000456k8gn', 'user_00094', 21, 'payment_reward', 'ord_20250930212340000455d5sm', 'mch_00019', '东莞停车场', '支付¥21.82获得21积分', '2025-08-20 19:36:33'),
('pts_202509302123400004583awu', 'user_00095', 7, 'payment_reward', 'ord_202509302123400004576a24', 'mch_00016', '重庆美发店', '支付¥7.18获得7积分', '2025-08-23 23:50:39'),
('pts_20250930212340000460ab6a', 'user_00096', 9, 'payment_reward', 'ord_20250930212340000459yv36', 'mch_00016', '重庆美发店', '支付¥9.22获得9积分', '2025-08-10 13:18:52'),
('pts_20250930212340000462avk0', 'user_00096', 166, 'payment_reward', 'ord_202509302123400004616hp9', 'mch_00016', '重庆美发店', '支付¥166.30获得166积分', '2025-09-07 23:29:14'),
('pts_202509302123400004654t3u', 'user_00096', 48, 'payment_reward', 'ord_202509302123400004640b6r', 'mch_00007', '成都羽毛球馆', '支付¥48.97获得48积分', '2025-08-28 07:22:35'),
('pts_202509302123400004679af8', 'user_00097', 10, 'payment_reward', 'ord_20250930212340000466s1ye', 'mch_00007', '成都羽毛球馆', '支付¥10.06获得10积分', '2025-08-06 05:31:59'),
('pts_20250930212340000469y49o', 'user_00097', 73, 'payment_reward', 'ord_202509302123400004686vio', 'mch_00014', '苏州超市', '支付¥73.28获得73积分', '2025-09-06 23:19:38'),
('pts_20250930212340000471mliq', 'user_00097', 30, 'payment_reward', 'ord_202509302123400004704i76', 'mch_00001', '北京汽车美容', '支付¥30.08获得30积分', '2025-08-16 12:18:02'),
('pts_20250930212340000473vy9q', 'user_00097', 26, 'payment_reward', 'ord_20250930212340000472jpqj', 'mch_00016', '重庆美发店', '支付¥26.00获得26积分', '2025-09-24 11:41:46'),
('pts_20250930212340000475veoc', 'user_00098', 6, 'payment_reward', 'ord_20250930212340000474axul', 'mch_00019', '东莞停车场', '支付¥6.65获得6积分', '2025-09-18 04:02:02'),
('pts_202509302123400004779viy', 'user_00098', 18, 'payment_reward', 'ord_20250930212340000476qm3h', 'mch_00020', '东莞手机维修', '支付¥18.13获得18积分', '2025-09-30 02:29:33'),
('pts_202509302123400004794rwz', 'user_00099', 13, 'payment_reward', 'ord_202509302123400004782ijk', 'mch_00002', '杭州饮品店', '支付¥13.98获得13积分', '2025-08-07 11:14:43'),
('pts_20250930212340000482avmp', 'user_00100', 29, 'payment_reward', 'ord_20250930212340000481as3v', 'mch_00017', '东莞湘菜馆', '支付¥29.05获得29积分', '2025-09-22 16:29:18'),
('pts_20250930212340000484lzmx', 'user_00100', 42, 'payment_reward', 'ord_202509302123400004837ytc', 'mch_00019', '东莞停车场', '支付¥42.16获得42积分', '2025-09-18 11:57:20'),
('pts_20250930212340000486jcsu', 'user_00100', 12, 'payment_reward', 'ord_202509302123400004854tro', 'mch_00001', '北京汽车美容', '支付¥12.27获得12积分', '2025-08-29 04:13:56'),
('pts_202509302123400004885vd1', 'user_00100', 18, 'payment_reward', 'ord_20250930212340000487itwk', 'mch_00018', '广州KTV', '支付¥18.92获得18积分', '2025-08-13 19:25:03');

-- 插入 100 个用户积分
INSERT INTO user_points (user_id, available_points, total_earned, total_spent) VALUES
('user_00001', 72, 72, 0),
('user_00002', 216, 216, 0),
('user_00003', 0, 0, 0),
('user_00004', 28, 28, 0),
('user_00005', 32, 32, 0),
('user_00006', 5, 5, 0),
('user_00007', 20, 20, 0),
('user_00008', 57, 57, 0),
('user_00009', 80, 80, 0),
('user_00010', 121, 121, 0),
('user_00011', 244, 244, 0),
('user_00012', 107, 107, 0),
('user_00013', 66, 66, 0),
('user_00014', 75, 75, 0),
('user_00015', 356, 356, 0),
('user_00016', 35, 35, 0),
('user_00017', 440, 440, 0),
('user_00018', 61, 61, 0),
('user_00019', 110, 110, 0),
('user_00020', 0, 0, 0),
('user_00021', 12, 12, 0),
('user_00022', 47, 47, 0),
('user_00023', 50, 50, 0),
('user_00024', 42, 42, 0),
('user_00025', 83, 83, 0),
('user_00026', 22, 22, 0),
('user_00027', 56, 56, 0),
('user_00028', 5, 5, 0),
('user_00029', 103, 103, 0),
('user_00030', 5, 5, 0),
('user_00031', 0, 0, 0),
('user_00032', 57, 57, 0),
('user_00033', 0, 0, 0),
('user_00034', 28, 28, 0),
('user_00035', 81, 81, 0),
('user_00036', 67, 67, 0),
('user_00037', 369, 369, 0),
('user_00038', 113, 113, 0),
('user_00039', 100, 100, 0),
('user_00040', 44, 44, 0),
('user_00041', 49, 49, 0),
('user_00042', 30, 30, 0),
('user_00043', 98, 98, 0),
('user_00044', 86, 86, 0),
('user_00045', 90, 90, 0),
('user_00046', 87, 87, 0),
('user_00047', 97, 97, 0),
('user_00048', 88, 88, 0),
('user_00049', 59, 59, 0),
('user_00050', 46, 46, 0),
('user_00051', 0, 0, 0),
('user_00052', 0, 0, 0),
('user_00053', 179, 179, 0),
('user_00054', 13, 13, 0),
('user_00055', 390, 390, 0),
('user_00056', 15, 15, 0),
('user_00057', 185, 185, 0),
('user_00058', 12, 12, 0),
('user_00059', 57, 57, 0),
('user_00060', 7, 7, 0),
('user_00061', 142, 142, 0),
('user_00062', 98, 98, 0),
('user_00063', 56, 56, 0),
('user_00064', 25, 25, 0),
('user_00065', 5, 5, 0),
('user_00066', 90, 90, 0),
('user_00067', 32, 32, 0),
('user_00068', 88, 88, 0),
('user_00069', 19, 19, 0),
('user_00070', 138, 138, 0),
('user_00071', 13, 13, 0),
('user_00072', 278, 278, 0),
('user_00073', 147, 147, 0),
('user_00074', 152, 152, 0),
('user_00075', 0, 0, 0),
('user_00076', 14, 14, 0),
('user_00077', 90, 90, 0),
('user_00078', 102, 102, 0),
('user_00079', 44, 44, 0),
('user_00080', 113, 113, 0),
('user_00081', 9, 9, 0),
('user_00082', 69, 69, 0),
('user_00083', 120, 120, 0),
('user_00084', 78, 78, 0),
('user_00085', 57, 57, 0),
('user_00086', 80, 80, 0),
('user_00087', 79, 79, 0),
('user_00088', 42, 42, 0),
('user_00089', 0, 0, 0),
('user_00090', 56, 56, 0),
('user_00091', 17, 17, 0),
('user_00092', 455, 455, 0),
('user_00093', 46, 46, 0),
('user_00094', 21, 21, 0),
('user_00095', 7, 7, 0),
('user_00096', 223, 223, 0),
('user_00097', 139, 139, 0),
('user_00098', 24, 24, 0),
('user_00099', 13, 13, 0),
('user_00100', 101, 101, 0);


-- ==========================================
-- 数据导入完成
-- ==========================================